path	sentence
red2/000.mp3	ความ โง่ คับ เรด เอา น้ำ มา ให้ กูกิน ดิ้
red2/001.mp3	อืม ใจ มาก ความ โง่ ครับ มัน ไม่ เข้า ใคร
red2/002.mp3	ใคร ออก ใคร ไม่ ว่า คุณ จะ มี การศึกษา สูงสูง อย่างเช่น การ เอ็นเอล
red2/003.mp3	เออร์ หรือ จะ มี การศึกษา ต่ำต่ำ อย่าง เช่นการ เป็น กู
red2/004.mp3	คุณ ก็ สามารถ ที่จะ โง่ กันได้ทั้งนั้น ความ โง่ ก็ คือ การ ขาด
red2/008.mp3	ติ ของคุณเนี่ย ก็ สามารถ มี บทบาท ใน ความโง่ ของ คุณ และ แทน ที่
red2/009.mp3	มึงจะ โพสต์ ใน เฟซบุ๊ก อะไร ที่ เท่ เท่ มึง อาจจะ กลาย มี โชว์ โง่
red2/010.mp3	แทน ก็ ได้ แต่ ความ โง่ ครับ มัน มี ระดับ ความ
red2/011.mp3	โง่ ที่ต่ำ ที่สุด ก็คือ การ ที่ คุณโง่ และ คุณ คิด ว่า
red2/012.mp3	ตัวเอง รู้ อย่าง หมดใจ ยัง ไม่ แค่ นั้น มัน ยัง เสือกจะเอาความ
red2/013.mp3	โง่ ไป บอก คนอื่น อีก แต่ ระดับ ความ โง่ ที่อยู่ใกล้ ใกล้ กัน ครับ
red2/014.mp3	ก็ คือ โง่ ใน สิ่ง ที่ มึง ไม่ ควร จะ โง่
red2/018.mp3	แม่ง หนา มาก แล้ว วันนี้ ครับ ผม จะ มา บอก ว่า ทำ
red2/020.mp3	เขา จะ ไอ้ เหี้ย มึงอะไรวะเนี่ย กู แค่ ยืม ตัง
red2/022.mp3	อับอาย ตัว กู จริง จริง ที่ เคย ทำงาน กับ ไอ้ หน้า จืด นี่
red2/023.mp3	และ หลังจาก ที่ เรา จัดการ ปัญหา ของไอ้หน้า จืด ที่แม่งเสือกไม่ปิด
red2/026.mp3	หว่าง พะแนง ไก่ กับ แกง มัสหมั่นไก่ ได้ เพราะว่า กู บอก ไม่
red2/027.mp3	ไม่ ได้ อีเหี้ย ราคา แม่งเท่ากัน สี เหมือนกัน มี ไก่
red2/028.mp3	ไก่ เหมือนกัน รสชาติ แม่งยังเหมือนกันอีก คน ฉลาด ครับ สามารถ
red2/033.mp3	กู ทำ ไม่ ได้กู กู ไล่ กููไล่ ไม่ได้
red2/034.mp3	คน ฉลาด ครับ เวลา ที่ มึง ดู โฆษณา ที่แม่ง
red2/035.mp3	แม่ง แนะนำ ให้ มึง กิน น้ำ วัน ละ แปด แก้ว มึง ไม่ ได้ กิน
red2/037.mp3	กิน ตลอด ทั้งวัน แปด แก้ว แต่ กู โง่
red2/038.mp3	ไง กูเลย กิน กูตั้ง ไว้ แปด แก้ว เลย แล้ว
red2/039.mp3	กู แบบ กลึบ กลืบ กลืบ กลืบ ไอ้ สัด อ้วก
red2/041.mp3	อีเหี้ย เพราะว่า มึง สอบ ได้ แค่ ครั้ง เดียว ใน ชีวิต หนึ่ง
red2/042.mp3	แล้ว แม่ง ง่าย ด้วย มึง รู้ ว่า วัน ที่สอบ โอเนต กู ไป ทำ ไง
red2/043.mp3	กูดู จอนวิก ไอ้สัด คน ฉลาด ครับ เขา รู้ว่า
red2/045.mp3	จะ รัก เธอ มาก ขนาด ไหน แต่ ถ้า เขา ไม่ รัก คุณ เขา
red2/048.mp3	ละ อย่างกัน กูเคย ไปร้าน ผัดไทย หอยทอด ใช่ คือ แบบ
red2/053.mp3	ว่า เอา อะไรคะ กูก็แบบ เหี้ย อะไรวะ ไอ้สัด
red2/054.mp3	อ๋อ สงสัย สงสัย กู ยัง ไม่ มั่นใจ ไม่พอ กูต้อง
red2/059.mp3	สรุป มึง จะ เอา ผัดไทย หริอ หอยทอด ไอ้เด็กเหี้ย
red2/063.mp3	แม่งยังมีอะไรที่ผม ไม่ รู้ อีก วะ เนี่ย หรือ จริง จริง แล้ว โลก แม่ง แบน วะ
red2/064.mp3	วะ ไอ้สัดเอ้ย ตังยี่สิบ ที่ตื่นมาเจอตอนนั้น ซานต้า
red2/066.mp3	ใจ ถูกวิธีใช่ไหม เอาง่าย คือ กู ดู โง่มาก และ กู โคตร
red2/067.mp3	โบค ด้วย นะ ตอนนั้นเนี่ย กู รู้ สึก ว่า กู ฉลาด ที่สุด
red2/068.mp3	และ โง่ ที่สุด ใน เวลาเดียวกัน ไอ้ เหี้ย ผัดไทย หอยทอด คนละ อย่าง กัน
red2/069.mp3	อะไร ถูก อะไร ผิด วะ เนี่ย คือ แบบ ไอ้ เหี้ย เนี่ย
red2/070.mp3	แม่ง เขียน เสมือนกับ ส้มตำ ปูปลา ร้า ไม่ใส่พริก ก๋วยเตี๋ยวต้ม
red2/073.mp3	หนึ่ง แล้ว ไม ไอ้่ ผัดไทยหอยทอด เหี้ยเนี่ย มันสั่ง มาอย่างหนึ่ง
red2/074.mp3	มึง ได้ ไป สอง อย่าง วะ ไอ้สัด ชื่อ แม่ง เหมือน อาดำ กับ อีฟ อ่ะ แม่ง เข้า กันอีก
red2/075.mp3	ดีชิบหายเลย ไอ้เหี้ยเอ้ย เพราะ ว่า คน ฉลาด เนี่ย เอ่อ ทะ
red2/078.mp3	ให้ แม่ง ไป ขี้ เพื่อ ที่ มึง จะ เล่น โทรศัพท์ ไง สัด
red2/081.mp3	แอป ที่ ล็อก เนี่ย ล็อก โง่ ตลาดล่าง ครับ เดิมทีแล้ว
red2/084.mp3	ทุก ประเภท นั้น จะ มี ตลาด ที่ แตก ต่าง กัน ไป ตาม ผู้ซื้อ
red2/086.mp3	ขายเกรด แตก ต่างกัน ไป ยิ่ง เกรด สูง ก็ ยิ่ง มีราคา สูง
red2/089.mp3	ที่ ขาย เป็น แบบ ตัก เอา ตัก เอา ให้ แมว กิน ก็ได้
red2/096.mp3	เป็น ของแท้ หรือ ของ ปลอม เขา แค่ อยาก จะ หา เหี้ย อะไร ไปหุ้
red2/110.mp3	ก็ตาม คับ ภาษา มัน ยัง ไม่ ตาย นั่น ก็ ขึ้นอยู่กับ การ ตี คว
red2/114.mp3	นึง ถึง ความหมาย ที่ แท้จริง ของ มัน คล้าย คล้าย กับ คำว่า เหี้ย ครับ
red2/115.mp3	เหี้ย คือ อะไร เหี้ย ก็ คือ เหี้ย ไง อีเหี้ย และใน
red2/119.mp3	แต่ละบุคคลนะครับ ที่ทำตัว เหี้ย เหี้ย มีรส
red2/121.mp3	ก็ มึง นั่นแหละ ไอ้สัด จะใครซะอีก ไอ้เหี้ยนี่ ฉะนั้นเนี่ยครับ
red2/125.mp3	เด็กแว้นนั้นเองครับ ไอ้เหี้ย เด็กแว้นคืออะไรครับ ตรง
red2/126.mp3	ตรง ตัว แม่งเลยครับ กลุ่มคน กลุ่มวัยรุ่น ที่ ชอบ ขับ
red2/134.mp3	ภาพ ใน หัวคุณ ให้ เปลี่ยนเป็นภาพ ไอ้เหี้ยนี่เลย ก่อนที่ เรา จะ มา
red2/137.mp3	ไอ้พวกเชี่ยเนี่ยครับ แม่ง มี ความภาคภูมิใจ ใน ตัวเอง สูง
red2/140.mp3	เด็กแว้นครับ คิดว่า แม่ง สิ่งที่แม่งทำเนี่ย คือสิ่งที่เท่
red2/141.mp3	คือ สิ่ง ที่ มีเกียรติ มี ศักดิ์ศรี พวกมึงอ่ะพวกมึงอ่ะพวก
red2/142.mp3	มึง ไม่เข้าใจกู มึงไม่เข้าใจเกียรติและศักศรี
red2/143.mp3	ถึงความเป็นลูกผู้ชายและนักรบแห่งท้องถนนไอ้่ควายเอ้ย
red2/144.mp3	มันจะคิดว่า สิ่งที่พวกมึงด่ามันตามท้องถนนตามโลก
red2/145.mp3	อินเตอร์เน็ต เนี่ย คือมึงไม่เข้าใจมัน ซึ่ง ซึ่งกูก็ไม่เข้าใจ
red2/147.mp3	ทำของพวกมึงเนี่ย มันน่ารังเกียจ น่าขยะแขยง และแน่
red2/148.mp3	แน่นอนว่าไม่เป็นที่ยอมรับของสังคม มึงไม่สมเพศตัวเอง
red2/149.mp3	มึงก็สงสารกูหน่อย ที่แบบกูเป็นคนเหมือนมึงอะ กูเป็นคนไทย
red2/150.mp3	เหมือนมึงด้วยอะ มึงกะกูยืนข้างกัน เขาบอกว่ามึงสอง
red2/151.mp3	สองคนน่ะ เขาเรียกมึง2คนเข้าใจป้ะ เค้าไม่ได้เรียก มึง
red2/152.mp3	ละก็มึงไง เค้าเรียกมึงสองคน คือกูกะมึง
red2/153.mp3	เหมือนกัน สัด กูรู้สึกแย่อะ มันค่อนค้าง
red2/154.mp3	ข้างจะ อันเรียล เลยนะครับ ที่ไอ้เด็กเหี้ยพวกนี้มันไม่นึก
red2/156.mp3	มาขนาดไหน และแม่งก็จะตอบโง่ โง่ อยู่แบบเดิมครับ เด็กแว๊นไปทำ
red2/157.mp3	ทำเหี้ยไรผิด ถ้าเกินไม่ให้กูแว๊น แล้วให้กูไปทำเหี้ยไร เหมือนหำมึงติด
red2/158.mp3	ติดอยู่ตรงท่อน้ำมันอย่างงั้นอะ กูแว้นของกูแล้วกูไปฆ่าพ่อ
red2/159.mp3	พ่อมึงเหรอกูบรื้นบรื้นของกูแล้วกูไปบรื้นรื้นบนหัวพ่อมึงเหรอไอ้สัด
red2/160.mp3	ไอ้พวกหัวองคชาตินี่แม่งไม่รู้สึกตัวเหี้ย
red2/161.mp3	เหี้ยอะไรเลย ผมจะบอกให้นะครับว่ามึงทำเหี้ยไรผิดบ้าง
red2/162.mp3	หนึ่ง ครับ ง่าย ง่าย เลย แม่งเสียงดัง สอง ครับ
red2/163.mp3	แน่นอนครับ ว่ามอเตอร์ไซค์ที่มันขี่มัน ไม่ได้ขี่วนรอบ ห้อง
red2/165.mp3	คนควรจะได้ใช้ แต่ไอ้พวกเหี้ยสมองถั่วเนี่ยครับ
red2/166.mp3	แม่งปิดถนน แล้วทำกันเป็นไพรเวตเรซแทรคเลยสัด และแน่
red2/167.mp3	นอนครับ หลังจากที่ไอ้พวกหน้าหีบรรลัยนี่โดนจับหลังจาก
red2/168.mp3	จากที่แม่งทำการปิดถนน แม่งก็ต้องออกมาโวยวายว่า ทำไม
red2/170.mp3	ให้เราไปทำความรำคาญให้กับคนอื่น ไอ้เหี้ย
red2/171.mp3	มึงไว้ทรงผมรองทรง ไถจอนสองข้างแล้วเสยขึ้นรึไง
red2/172.mp3	มึงมีอำนาจขนาดนั้นน่ะ ถ้ารัฐบาลมันโง่พอที่จะให้สนาม
red2/173.mp3	แข่งพวกมึง พรุ่งนี้แม่งก็แจกเงินคนทั้งประเทศแล้วมั้ง
red2/175.mp3	ผมไม่รู้คำตอบ มึงจะทำให้ท่อดัง นี่เป็นอีกหนึ่งคำถามคับ
red2/177.mp3	มึงซื้อมอไซค์มา มันไม่ดังใช่ป้ะ แต่มึงไป
red2/178.mp3	ไปทำให้ท่อมันดัง โอโห มึงลงทุนขนาดนั้น เพื่อสร้างหลัก
red2/179.mp3	ฐานมัดตัวว่ามึงโง่ใช่ไหมเนี่ย คือถ้ามึงจะบอกกูว่ามึง
red2/180.mp3	มึงโง่เนี่ยมึงบอกกูคนเดียวก็ได้ มึงไม่ต้องทำให้ท่อดังเพื่อบอก
red2/181.mp3	บอกคนทั้งซอยหรอก มึงกลัวกูไม่ตื่นเช้าหรอ
red2/182.mp3	สัด บรึ๊น บรึ๊น หาพ่องหรอไอ้สัส ควยเอ้ย
red2/183.mp3	เอ้ย ดังยังไม่พอครับ แม่งยังขับเร็วอีก
red2/184.mp3	เอ้ ไอ้่สัดขับช้า ช้า มันก็ไม่ดังดิ ตอนเด็ก เด็ก ไม่เคยเล่น
red2/185.mp3	เล่นรึไง มึงก็เอาขวดน้ำไปติดตรงล้อเองดิ เดี๋ยวแม่งก็ดังแหละ
red2/186.mp3	ไอ้ควาย ไอ้เหี้ยแล้ว ไอ้สัด ผมนึกได้แล้ว
red2/188.mp3	ละแม่งแบบ รวมตัวกันไปเบิ้น เบิ้น
red2/189.mp3	เบิ้นรถส่งเพื่อนขึ้น ไอ้สัดกูถามจริงใครคิด ไอ้เหี้ยกู
red2/191.mp3	ตัวเองโง่เนี่ยครับ เด็กแว๊นทำได้ดีมาก การคิดตรรกะ
red2/193.mp3	นิ้วให้ สัด นิ้วกลาง กูเป็นเด็กแว๊นก็ยังดีกว่า
red2/194.mp3	พวกติดยาวะไอ้สัด มึงกำลังจะบอกมึงว่ามึงไม่เล่นยา
red2/195.mp3	ถึงแม้ แต่ว่าสิ่งที่มึงทำกันอยู่เนี่ยมันเหมือนมึงเล่นยาเลย
red2/196.mp3	กูว่ากูไม่เชื่อหรอก กูไม่เชื่อหรอกครับว่าจะมีใครซักคนนึง
red2/197.mp3	ที่โง่ตามธรรมชาติได้ขนาดนั้น มึงต้องทำไรซักอย่าง
red2/198.mp3	ที่มึงโง่ได้ขนาดเนี้ย กูเป็นเด็กแว๊นกู
red2/199.mp3	ก็เสียภาษีป๊ะ กูก็เสียภาษีไอ้สัส กูไปขี้บน
red2/203.mp3	แค่ท่อรถเสียงดัง มึงไม่อยากฟังมึงก็ปิดหูไปดิ้
red2/204.mp3	โถ่ ไอ้เหี้ย ตอนข้ามถนนมึงมองขึ้นกับลงใช่มั้ย
red2/205.mp3	สัดเอ้ย มันเคยมี หนึ่ง คำถามครับที่ผมเคย
red2/208.mp3	บางสิ่งบางอย่างที่มันไม่น่าจะมี มัน มันอาจจะมีก็ได้
red2/212.mp3	มีก็ได้ไง เพราะว่าผมไม่รู้ว่ามีรึเปล่า แต่ถ้าเกิดคุณถามผมว่า
red2/213.mp3	อ่ะ มึงคิดว่าเด็กแว๊นที่มีการศึกษามันมีรึเปล่า
red2/215.mp3	การศึกษา คุณจะไม่ใช่เป็นเด็กแว๊น อ่าว แต่ถ้ากูเป็นเด็ก
red2/220.mp3	หน่อยก็ปัญหาโลกร้อน แต่สิ่งที่สำคัญที่สุดครับ ทำไมพริกเดี๋ยวนี้แม่งเผ็ด
red2/222.mp3	ที่สำคัญกว่านั้นก็คือ เราสามารถที่จะบอกวิธีแก้ไขปัญหา
red2/223.mp3	ปัญหาได้รึเปล่า สำหรับตัวผมแล้ว กับการวิธีแก้ปัญหาเด็ก
red2/226.mp3	สอง อันดับขั้นง่าย ง่าย หนึ่ง คือการให้ความรู้ครับ
red2/227.mp3	เราต้องบอกกลุ่มคนเหล่านี้ครับว่า สิ่งที่เขากำลังทำ เคยทำ
red2/229.mp3	ชี้ผิดให้กับเขา และแนะนำสิ่งที่ดีมากกว่านั้น งานอดิเรก
red2/230.mp3	มันไม่สร้างความเดือดร้อนให้กับคนอื่น สร้างเม็ดเงินให้เขาหรือ สา
red2/231.mp3	มาดที่จะตั้งตัวของเขาได้ด้วย สอง ความอบอุ่นจากครอบครัวครับ
red2/232.mp3	ค่อนข้างที่จะสำคัญมาก เพราะว่าเด็กแว๊นส่วนใหญ่เนี่ยครับมาจากครอบครัว
red2/233.mp3	ล้มเหลว แล้วก็ไม่มั่นคง แน่นอนครับว่าเด็กแว๊นก็อยาก
red2/236.mp3	จูงให้ไปทำกิจกรรมอะไรอย่างงั้นได้ เพราะว่ามันมีสังคมให้เขา
red2/243.mp3	เงียบไปเลยนะ เงียบไปเลยนะ แอพเขาดีเนี่ย กูเลยมาบอก
red2/246.mp3	ถ้าในตอนนี้ประเทศของเราไม่มีเด็กแว๊นครับ ก็จะทำให้ประเทศของเรา
red3/003.mp3	ตอบโจทย์ผู้คนเพื่อที่จะโดนเด่นมากกว่าคนอื่นนั้นไม่ใช่เรื่องแปลก
red3/009.mp3	และยินดีทุกคนเข้าสู่รายการที่จะมาพูดถึง โลกของการก๊อป
red3/014.mp3	มันก็คือศิลปะที่ใช้ความคิดสร้างสรรค์น้อยลงน้อยลงน้อยลงทุกที
red3/016.mp3	ครับ ในรายการของฝากนักก๊อป ผมจะมาพูดถึงกระแสในการสร้างสรรค์ผลงานในรูปแบบหนึ่ง
red3/022.mp3	คอนเทนต์ เหล่านี้กลับมาเป็นที่นิยมในหมู่ผู้ชม เลเวลหนึ่ง
red3/040.mp3	เราจะมาใช้เวลาดูกันก่อนนะครับว่า คุณเต้นั้นเนี่ยยังถือครองอันดับ หนึ่ง อยู่หรือไม่
red3/042.mp3	ลูกพี่กู
red3/043.mp3	อัจฉริยะขนาดก๊อปคลิปตัวเองได้มึงคิดดู
red3/045.mp3	ไอ้สัสแม่งยังมีคนก๊อปไอ้เต้
red3/049.mp3	นอกเหนือจากนั้นนะครับ ผมยังอยากจะยกรางวัลอันทรงเกียตินะครับ
red3/051.mp3	แม่ง
red3/061.mp3	หรือถ้าจะเรียกง่าย ง่าย อย่างที่ข่าวปดได้บอกไว้ครับ
red3/064.mp3	เพราะว่าตอนแรกผมก็ไม่รู้ด้วยซ้ำว่ากระแสอย่างงี้มันเริ่มมีมากขึ้นเรื่อย เรื่อย
red3/067.mp3	มัน อ็อบเวียส มาก มาก ที่ คอนเทนต์ เหล่านี้มันขี้เกียจ มันไร้ความคิดสร้างสรรค์ มันไร้การลงทุน
red3/068.mp3	และที่สำคัญแม่ง คริ้น และ อันฟันนี่ มาก มาก
red3/070.mp3	มึงทำได้ยังไง นั่งดูคน
red3/077.mp3	สิ่งที่ผมไม่เข้าใจก็คือทำไมถึงยังมีคนทำอะไรอย่างงี้
red3/078.mp3	และสิ่งที่ผมไม่เข้าใจมากกว่านั้นก็คือทำไมถึงยังมีคนดูเหี้ยอะไรอย่างงี้อยู่
red3/082.mp3	หลักการของคนเหล่านี้ก็คือการเอา คอนเทนต์ ของคนอื่นมาใส่ในคลิปของตัวเอง
red3/105.mp3	และนี่คือส่วนที่หนึ่งที่ผมกำลังจะพูดถึงในการจัดอันดับ
red3/109.mp3	มันมีการตัดต่อที่เร็วที่ทำให้เรารู้สึกอยากจะดูต่อแล้วมันสะ
red3/124.mp3	ไม่ใช่ครับ คริ้น ที่มึงนี่แหละ
red3/146.mp3	มึงดูคุณปลื้ม
red3/147.mp3	ไอ้สัส
red3/148.mp3	กี่วินาทีเนี่ย แม่งขำไป สาม รอบ
red3/156.mp3	ดูเหี้ยอะไรก็ขำ
red3/159.mp3	ความหมายมันเยอะ แล้วก็ใช้ได้หลากหลายมากสถานการณ์มาก
red3/167.mp3	มึงจะขำรึเปล่า
red3/171.mp3	เขาก็ยังสามารถที่จะดึงศักยภาพในการขำ เฟค ของตัวเองได้อยู่
red3/175.mp3	เพื่อน กู หาย
red3/180.mp3	เพราะว่าตรงนี้เนี่ยมันไม่มีอะไรฮา ฮา ที่ชัดเจนได้ออกมา
red3/184.mp3	คุณดูในคลิปนี้ครับ คุณกำลังเห็นเด็กชายคนนึงแสดง ทาเล้น โชว์ หรืออะไรสักอย่างใน
red3/186.mp3	ทั้งการขยับตัวไม่ สมูท แบบเหมือนไม่รู้ว่าตัวเองทำอะไร
red3/187.mp3	แต่ก็ยังดั้นด้นที่จะแสดงออกไปเรื่อย เรื่อย เพราะว่ามันจำเป็น
red3/193.mp3	อาจารย์เรียกกูออกไปทำโทษ
red3/195.mp3	กูไปนอนบนเข่าเขาแล้วเขาตีตูดกูอะ
red3/197.mp3	แต่กูรู้สึกแย่มาก
red3/198.mp3	และแม่ง คริ้น ชิบหาย
red3/201.mp3	รีแอ็คชั่น ยูทูปเบอร์ ที่ คริ้น ที่สุดเท่าที่ผมเคยดูมา
red3/214.mp3	มึงคิดได้ยังไง
red3/224.mp3	ปล่าว ที่ทำให้กูสามารถที่จะเร่งความ
red3/225.mp3	ไฮเปอร์ในตัวกูได้
red3/251.mp3	และไม่แค่นั้นครับจุดเด่นของเขาคือการขยับตัวที่มากกว่าคนปกติทั่วไป
red3/253.mp3	ครับคุณปริ่มคุงเนี่ยครับถือว่ามี โปรดักชั่นพอ พอ กับ
red3/255.mp3	แต่ว่าระดับความ คริ้น ของเขาเนี่ยครับ สูงโคตร โคตร
red3/256.mp3	นี่ นี่ เดี๋ยวกูจะ
red3/258.mp3	กูจะ
red3/259.mp3	กูจะลอกให้ดู
red3/282.mp3	คุณอาจจะดูคลิปของคุณปริมคุงแล้วคุณรู้สึกตลก คุณรู้สึกฮาไปด้วย
red3/292.mp3	แต่ผมเนี่ยครับ เป็นคนที่ไม่ดู ยูทูปเบอร์ ในไทยอยู่แล้ว
red3/296.mp3	กูไม่ดูเป็นอันขาด
red3/297.mp3	ทำให้ผมครับสามารถที่จะตัดสินทุก ทุก คนและทุก ทุก อย่างได้อย่างเท่า
red3/299.mp3	ถ้าเกิดว่ามันอยู่ใน ทาร์เก็ต กู
red3/300.mp3	กู เอา หมด
red3/306.mp3	และก็คอนเฟิร์มว่า ห้า ฆ่าได้ ห้าสิบ สี่ ศพในปี หนึ่ง เก้า สี่ สี่
red3/311.mp3	คือถ้าเกิดว่ามันไม่น่าสนใจหรืออ่านแล้วมันไม่น่าสนใจเนี่ย
red3/325.mp3	แต่น่าเบื่อชิบหาย
red3/328.mp3	เพราะว่ามึงทำกันสองคน
red3/329.mp3	แต่แม่ง
red3/332.mp3	และนี่คือสองอย่างที่มึงจะต้องเลือกครับ
red3/333.mp3	ถ้ามึงเลือกเม็ดสีแดง แม่งไม่ คริ้น
red3/334.mp3	แต่แม่งไม่สนุก
red3/335.mp3	แต่ถ้ามึงเลือกสีฟ้าแม่งจะไม่น่าเบื่อ
red3/336.mp3	แต่แม่ง คริ้น ชิบหาย
red3/352.mp3	มึงคิดเหมือนกูปะ
red3/353.mp3	แม่งน่ารำคาญชิบหายเลย
red3/364.mp3	แต่ว่าคนนี้นี่ยเขาไม่ได้ทำ รีแอ็คชั่น แชเน็ล เป็นหลัก
red3/365.mp3	แต่คลิปนี้ครับแม่ง คริ้น มาก มาก
red3/373.mp3	มึงอาจจะเริ่มเบื่อคำว่า คริ้น
red3/376.mp3	และอันดับที่ สาม ครับของการจัดอันดับปลิง ยูทูปเบอร์
red3/385.mp3	แล้วกำลังคิดว่า ไอ้เหี้ยแม่งจะจบลงตรงไหน
red3/388.mp3	เห้ยนี่มึงทำมาเยอะกว่าที่กูคิดอีกนะเนี่ย
red3/390.mp3	แม่งยัง แคตาโกรี่ ของมันแยกออกมาอีก
red3/400.mp3	กูบอกเลยนะ
red3/401.mp3	มึงไม่ได้ยินเสียงขำคุณปลื้ม
red3/403.mp3	กูให้อีก สาม คำค
red3/412.mp3	คือแม่งมี ชาเล้น เต็มไปหมดอะ
red3/445.mp3	มึงแม่งเหมือนไฮดรา
red3/447.mp3	หัว แล้ว ยี่สิบ หัวแม่งเป็นปลิงอะไอ้สัส
red3/448.mp3	แม่งเหมือนแบบ
red3/450.mp3	พวกมึงอยู่ในโลกของอินเซไก
red3/452.mp3	แล้วไอ้เหี้ยเนี่ย
red3/453.mp3	แม่งแบบมาเกิดใหม่
red3/454.mp3	แล้วแม่งเกิดมาปุ๊บ
red3/455.mp3	แม่งปลิง เลเวล เก้าร้อยเก้าสิบเก้า อะ
red3/456.mp3	แล้วพวกมึงเป็นแค่แบบ
red3/457.mp3	คนธรรมดาที่คิดว่าไอ้เชี่ยแม่ง
red3/460.mp3	มึงไม่รู้พลังที่แท้จริงของเขาเว้ย
red3/461.mp3	สัสเอ้ย
red3/462.mp3	กู กูต้อง
red3/463.mp3	กูต้องล็อคประตูแล้ว
red3/470.mp3	เออไอ้เหี้ยพอดีกู
red3/471.mp3	เอาคลิปสองคลิปจาก แชเน็ล นี่มาแล้วแม่งเจอพลาดไปแล้วไอ้สัส
red3/474.mp3	มึงทำแค่นี้แล้วมึงได้ขนาดนี้
red3/483.mp3	ไปซื้อกันด้วยเพื่อสนับสนุนกูและแมวกูครับ
red3/486.mp3	มึงแพ้หมด
red3/488.mp3	มึงไม่สามารถจะเอาชนะชายคนนี้ได้
red3/496.mp3	เพราะว่าคนไทยเนี่ยครับชอบดูอะไรควาย ควาย
red3/498.mp3	แม่งมาแบบตื่นเต้นอะไรกับคนไทยทำเหี้ยไร
red3/504.mp3	ครับ เวลามีคนต่างชาติมา คอมเม้น หรือดูเหี้ยไรไทย ไทย เนี่ย
red3/506.mp3	มึงควรที่จะดีใจนะครับที่เรามีนักก๊อปอันดับ หนึ่ง อยู่ในประเทศของเรานะ
red3/508.mp3	เจ็ดสิบล้านวิวนะครับมึงคิดดู
red3/520.mp3	กูเคยดู
red3/532.mp3	ครับ มึงก็คงจะคิดว่า
red3/533.mp3	ไอ้สัสเรด
red3/539.mp3	ครับ หรือมีคลิป รีแอ็คชั่น มากกว่า สาม สิบเปอร์เซ็นต์ ของ แชเน็ล ตัวเอง
red3/541.mp3	ครับ เพราะไอ้คลิป รีแอ็คชั่น ดี ดี เนี่ยครับ เขาไม่ได้ทำบ่อย
red3/550.mp3	มันดี ตรงไหนมันน่าสนใจ แล้วก็พูดออกมาแบบมีข้อมูลอย่างชัด
red3/588.mp3	นี่คือ รีแอ็คชั่น ธรรมดาของคนที่ชอบเกาหลีอยู่แล้วนะครับ
red3/595.mp3	สำหรับผมเองและคนหลาย หลาย คนทั่วไปดูคลิปนี้คุณอาจจะรู้สึก
red3/600.mp3	แม่งร้องไห้เลย
red3/602.mp3	ตาม แล้วคุณชอบเกาหลีเนี่ย คุณก็น่าจะรู้สึกสนุกไปด้วยเวลาดูคลิปนี้
red3/604.mp3	มึงไม่จำเป็นต้องขำ ฮ่า ฮ่า แล้วก็พูดเหี้ยอะไรที่อยู่ในหัวมึงออกมาก็ได้
red3/606.mp3	แต่ถ้า แพชั่น มึงคือเงินนะครับก็
red3/623.mp3	ดูว่าแม่งจะออกมาเวิครึป่าว และในรายการ ของฝาก
red3/625.mp3	แต่คุณชีวายเขายังไม่รู้นะครับว่าคนที่เขายกตัวอย่างมาเนี่ยครับ
red3/656.mp3	คลิปปกโคตรโง่ คำพูด
red3/672.mp3	ต้อง บิ้กดีล กู จะ ต้อง แบบ
red3/674.mp3	กู จะ ต้อง เก่ง ไม่ ใช่ หรอ ว่ะ อ่อ ใช่ ครับ
red3/680.mp3	พยายาม ที่จะ ประมวล ผล ออก มา ว่า ไอ้ สัส
red3/681.mp3	ทำ เหี้ยอะไร
red4/002.mp3	การที่จะสร้างสรรค์ผลงานดี ดี เพื่อให้ตัวเองโดดเด่นกว่าคนอื่นนั้น ไม่ใช่เรื่องแปลก
red4/011.mp3	ไม่ว่าจะเป็นการก๊อปแบบไหนครับ มันก็คือศิลปะที่ใช้ความคิดสร้างสรรค์น้อยลง น้อยลง ทุกที
red4/013.mp3	มันเป็นการก๊อป ที่ไม่จำเป็น โดนแดกได้ง่ายและยังเสี่ยงถูกประจานอีกด้วย
red4/014.mp3	และสิ่งที่เหนี่ยวรั้งคนเหล่านี้ไว้ มันคือความสามารถที่ไม่มากพอ
red4/015.mp3	และแรงกดดันทางคอนเทนต์ที่คุณจะต้องทำออกมาเพื่อตอบสนองความต้องการของคนดู
red4/024.mp3	ที่ก๊อปตั้มเนลล์ ชื่อคลิป หรือแม้กระทั่งคอนเทนท์ของตัวคลิปเอง
red4/026.mp3	ทำอะไรเหมือนกัน ดูคอนเทนท์เหมือนกัน รีแอ็คในสิ่งเดียวกัน
red4/030.mp3	ถ้าพาร์ตแรกครับมันคือการก๊อปตั้มเนลชื่อคลิปและตัวคอนเทนท์ของคลิป
red4/032.mp3	ผู้ต้องสงสัยในวันนี้ครับ ก็ยังเป็นตำนานคนล่าสุดอีกด้วย
red4/034.mp3	ก่อนอื่นครับ ขอผมเล่าจุดเริ่มต้นของเคสตรงนี้ทั้งหมดก่อน
red4/036.mp3	น่าสงสัยใช่ไหมครับ แต่ผมไม่ใช่คนอคติครับ ผมก็เลยเข้าไปดูทั้งสอง
red4/039.mp3	นั่นหมายความว่าทุก ทุก สองปีเนี้ยครับจะมีของฝากนักก๊อปหนึ่งอัน
red4/040.mp3	ผมก็คิดอยู่นานครับว่าของฝากนักก๊อปคนต่อไป พาร์ตที่สามเนี่ยครับ มันควรที่จะเป็นใคร
red4/041.mp3	และในคอนเทนท์ของหลากหลายส่วนเหนี่ยครับ แม้งก็คือเหมือนกันสัส สัส
red4/042.mp3	แต่มันน่าเบื่อครับผมอยากจะได้อะไรที่มันสไปซี่มากกว่านั้น
red4/043.mp3	ผมอยากจะได้เป้าหมายของผมที่แบบ คุณเห็นชื่อคลิปแล้วคุณขำขี้แตกทั้งทั้งที่ยังไม่ดูคลิป
red4/045.mp3	และไอ้แชทเพจเมื่อสองเดือนที่แล้วนะครับ นั่นคือจุดเริ่มต้นของทุก ทุก อย่าง
red4/048.mp3	เขาจะทำอะไรต่อไป เขามีแผนอะไร และผมก็สังเกตสิ่ง สิ่ง หนึ่งครับ
red4/049.mp3	ในฐานะคนไทยครับ ผมไม่เคยเห็นการใช้ภาษาแบบนี้มาก่อน
red4/057.mp3	ทีนี้มันอาจจะมาจากเว็บไซต์ หรือที่ไหนสักที่หนึ่งที่มันทำเรื่องเกี่ยวกับ โร
red4/058.mp3	แต่อย่าลืมครับในตอนที่เราสงสัยนะครับ เราไม่ได้สงสัยเนื้อหา
red4/061.mp3	นี่น่าจะเป็นเป้าหมายหลักเป้าหมายหลักครับที่โอตะตัวปลอมใช้ในการก๊อปปี้
red4/062.mp3	และนี่ก็คือปกคลิปที่เราตามสืบกันมาครับ คุณจะสังเกตว่ามันไม่ได้เหมือนกันร้อย เปอร์เซ็น
red4/065.mp3	แน่นอนครับว่าคลิปตรงนี้นะครับเราอาจจะไม่ได้เรียกว่าการ
red4/068.mp3	ครั ที่เราจะไปดูคลิปอื่น อื่น แล้วเราจะสังเกตได้ว่า
red4/069.mp3	มึงไม่ใช่แค่แรงบันดาลใจและ
red4/070.mp3	คือมึงขอฝากนักก๊อปเลยอ่ะ
red4/072.mp3	ถ้าเกิดว่าคุณเปิดภาษาไทยเนี้ยมันจะมีการแปลชื่อคลิปให้
red4/073.mp3	มึงแยกไม่ออกด้วยซ้ำว่าแม่ง คือคนละคลิปกัน
red4/074.mp3	คือมึงลอกตั้มเนลมาจากเขา มึงยังก๊อปชื่อคลิปเขา
red4/076.mp3	ว่าชื่อคลิปของมึงนะครับ มึงแปลมาจากเขาหรือป่าว
red4/077.mp3	เพราะแม้กระทั่งตั้มเนล มึงยังแปลมาจากเขาเลย
red4/082.mp3	คาหนังคาเขาไอ้สัส
red4/086.mp3	เป็นที่ประจักษ์แหละครับว่าการก๊อปของคุณโอตะตัวปลอมเนี่ย
red4/088.mp3	มันคงจะไม่น่าแปลกใจนะครับที่ในอนาคตเขาจะทำผีที่ชื่อว่า ฟิกเกอร์
red4/091.mp3	แสดงความดีใจหน่อยครับ เขาทำเสร็จซีรี่ย์ขึ้นมาทั้งที
red4/093.mp3	มันหนักจนผมสามารถที่ แยกออกได้แล้วว่าอันไหนมึงก๊อปอันไหนมึงไม่ก๊อปอะ
red4/096.mp3	มา ออกมาแล้วคุณรู้เลยว่าอันไหนมึงก๊อปเขามา
red4/097.mp3	อ่ะตัดที่เราเคยเห็นมาก่อนครับ ไอ้ข้างบนนั้นมึงชัวร์
red4/098.mp3	และที่เหลือนะครับก็จะเป็นตั้มเนลคลาสสิคของโอตะตัวปลอม
red4/100.mp3	เทก โง่ โง่ด้านซ้าย
red4/102.mp3	การเรียงลำดับสคริปต์ หรือแม้กระทั่งสิ่งที่ต้องพูดดิครับ
red4/104.mp3	คือถ้าเกิดคุณพูดถึงเกมเดียวกัน ตัวละครเดียวกันเนี่ยครับมันก็คงจะไม่แปลกที่เนื้อหามันจะเหมือน
red4/105.mp3	แต่ประเด็นมันอยู่ตรงนี้ครับ มึงก๊อปเนื้อหายังไม่พอมึง
red4/106.mp3	ยังเอาคลิปเขามาใส่ในคลิปของมึงอีก
red4/107.mp3	การเอาคลิปคนอื่นมาประกอบนะครับ มันเป็นเรื่องปกติถ้าเกิดคุณจะต้องอธิบายอะไรสักอย่าง
red4/108.mp3	แต่ถ้าเกิดคุณดูคลิปโอตะครับ คุณจะสังเกตว่ามันไม่ได้ทำอะไร
red4/109.mp3	มันก็เอาคลิปของคนอื่นมาประกอบทั้ง ทั้ง ที่มึงก็เล่นเกมนั้น
red4/110.mp3	อยู่ มึงสามารถที่จะสร้างสถานการณ์มาประกอบเองก็ได้
red4/111.mp3	และนี่ครับดูเหมือนจะเป็นแนวคิดของการทำคลิปของโอตะตัวปลอม
red4/113.mp3	มึงก็ไปเอาเนื้อหามาเอาสคริปต์เค้ามา
red4/114.mp3	เอามาแปะกับฟุตเทจที่มึงอัดไว้ตั้งนาน
red4/115.mp3	แล้วก็เอาคลิปของคนอื่นมาแปะไว้อีกทีหนึ่งเวลามึงจะยกตัวอย่างอะไร
red4/117.mp3	ในอันนี้ครับ ด้านซ้ายเขาเอาคลิปของอื่นมาแปะเช่นเดียว
red4/118.mp3	แต่มึงขี้เกียจมาก มาก อ่ะ มึงแค่เซิร์ชคลิปออริจินอลมาประกอบในคลิป
red4/119.mp3	มึง แล้วใส่เครดิตมึงยังทำไม่ได้เลย
red4/120.mp3	และนี่ยังไม่ได้พูดถึงอะไรก็ตามที่คุณสามารถที่จะทำเองได้นะ
red4/122.mp3	แบบถ้าเกิดมึงพูดถึงผีตัวนี้มันจั้มป์สแกร์ออกมา ทำไมมึงถึงไม่ไปโดนให้มันจั้มป์สแกร์
red4/123.mp3	ทำไมมึงถึงต้องเอาคลิปคนอื่นมาประกอบอ่ะ
red4/124.mp3	แล้วสิ่งที่ฮาที่สุดครับ แม่งภูมิใจกับสิ่งที่มันทำ
red4/126.mp3	คือมึงทำตอนที่มีผี สิบเอ็ด ตัว พอผีเพิ่มมา สี่ ตัว
red4/127.mp3	มึงก็มาแปะเพิ่มกับคลิป สิบเอ็ด ตัว
red4/128.mp3	พอผีเพิ่มมาอีก หนึ่ง ตัว มึงก็มาแปะคลิปกับผี สิบห้า ตัว
red4/129.mp3	ตัว ไอ้ตรงนี้นะครับผมไม่ได้กำลังจะด่านะครับ ผมจะชมซะด้วยซ้ำ
red4/130.mp3	คือแทนที่มึงจะทำผีมาตัวนึงเลยเนี่ยครับ
red4/131.mp3	มึงเอามารวมกันกับทุกตัว เพิ่มความยาวของคลิป
red4/133.mp3	มันเป็นการใช้เวลา และรีซอสช์ได้อย่างคุ้มค่ามาก มาก ครับ ไอ้ดอลกูเลยนะครับ ขี้เกียจแบบนี้เนี้ย
red4/134.mp3	ตัวอย่างมึงอยู่ตรงหน้านี้แล้วครับ ทั้งขี้เกียจ ทั้งขี้ก๊อป
red4/136.mp3	บางทีนะครับ เก็บตังค์เอาไปอัพเกรตคอมเพิ่มเติมน่าจะดีกว่า
red4/138.mp3	ครับ โดยมีแขกผู้มีเกียรติท่านหนึ่งครับ ที่ทำธุรกิจมาอย่างยาว
red4/139.mp3	นาน เชี่ยวชาญและช่าชองในด้านธุรกิจอย่างหาใครเปรียบเทียบไม่ได้
red4/141.mp3	ไหนลองบอกอุปสรรคของการทำธุรกิจของคุณตอนนี้หน่อยครับ
red4/144.mp3	นี้เผื่อใครไม่รู้ ตัวผมได้ลองไปทำธุรกิจอย่างหนึ่ง
red4/146.mp3	ชนิดที่ว่าผมเนี้ย ไม่จำเป็นต้องทำช่อง ยูทูป เพื่อหาเงินแล้วครับ
red4/147.mp3	โอ้โห คือทำธุรกิจจนไม่มีเวลาว่างมาโฟกัสกับ ยูทูบ เลยใช่ไหมครับ
red4/149.mp3	แต่ทุกวันนี้ที่ผมยังทำช่องทำคลิปอยู่ ก็เพราะคนดูครับผม ผมไม่อยากให้คนดูเหงา
red4/150.mp3	เหงา อยากให้คนดู มีคลิป มีอะไรให้รับชมไปเรื่อย เรื่อย นะครับ
red4/151.mp3	คือทำเพื่อคนดู ร้อยเปอร์เซน เลยใช่ไหมครับ ไม่ได้สนใจในเรื่องเงินใช่ไหมครับ
red4/152.mp3	ผมเองก็พูดตรง ตรง มาตลอดแหละครับว่า ผมทำช่องเพราะอยากได้เงิน
red4/153.mp3	แล้วถ้าเกิดไม่มีเวลามาก มาก จนจะต้องปิดช่องไปเนี่ยครับ จะไปทำธุรกิจอะไรต่อครับ
red4/156.mp3	ณ ตอนนี้ ความลำบากก็คือผมไม่สามารถที่จะแบ่งเวลาให้กับช่องเรียลบ๋อยละยำได้
red4/158.mp3	แต่คำว่าธุรกิจส่วนตัวเนี่ย มันเป็นธุรกิจที่ผมเองเนี้ย ไม่เคยคิดจะทำ
red4/161.mp3	มึงพูดมาธุรกิจมันนานมากแล้วน่ะเนี้ย
red4/163.mp3	คือมันก๊อปเว้ยเชี่ย แต่มัน มันยอมรับออกมาว่าก๊อปอ่ะ
red4/164.mp3	แล้วแม่งยังประกาศอีกว่าแม่งมาก๊อปจากใคร มันจะไม่มีค่าอะไรวะ
red4/165.mp3	แล้วไงวะ มันจะยอมรับ มันจะไม่ยอมรับ ก๊อปมันก็ยังก๊อปอยู่วันยังค่ำไม่ใช่หรอ
red4/166.mp3	มึงพูดถูกเว้ย แต่มันไม่ใช่มึงกับกูหรอที่ตามสืบกันมา นักสืบที่คอยตามสืบ
red4/167.mp3	ร้าย ที่แม่งยอมรับไปแล้วมันไม่แปลกหรอวะ
red4/168.mp3	ก๊อปบางส่วน แต่มันไม่ได้ก๊อปบางส่วน มันก๊อปทั้งดุ้น ทั้งสคริปต์ ทั้งตั้มเนล ทั้งเนื้อหา
red4/169.mp3	มันเป็นข้อดีด้วยซ้ำไม่ใช่เหรอที่การสันนิษฐานของมึง
red4/171.mp3	มึงไม่เข้าใจ มึงมึงไม่เข้าใจ กับ
red4/173.mp3	ยังไม่เข้าใจอะไรวะ มึงบอก
red4/174.mp3	กูดิ ไหนมึงบอกกู
red4/175.mp3	กูอ่ะ มันเหมือนกูแพ้โอตะตัวปลอมอ่ะ
red4/176.mp3	กูไล่จับมันมาตลอด แล้วมันก็บอกว่า เออกูก๊อป
red4/178.mp3	ไม่ได้แพ้หรอก มึงกดดันตัวเองมากจนเกิน
red4/179.mp3	มึงจะ มึงมองหลากหลายมุมดิวะ
red4/180.mp3	กูจะไปมองหลากหลายมุมได้ยังไงวะแบบ
red4/184.mp3	กูว่ากูเจอละ
red4/185.mp3	กูว่ากูเจอละ
red4/187.mp3	ไอ้สัส ตอปิโด ไอ้สัส ตอปิโด อื้ออ
red4/188.mp3	การอัพเกรดที่หลากหลาย ลายพรางที่พร้อมบ่งบอกความเป็นตัวคุณ
red4/190.mp3	แล้วไงครับโอตะตัวปลอมก๊อป เคสจบ ของฝากนักก๊อปมีเพียงแค่นี้ งั้น
red4/191.mp3	ถ้าเกิดว่าคุณได้เคยดูคลิปตำนาน ยูทูปเบอร์ หนึ่งมิติเนี่ยครับ คุณก็จะเข้าใจว่าโอตะตัวปลอมเนี่ย
red4/193.mp3	เพราะอย่างเช่นคลิปนี้ครับ ที่แทนที่มันจะเอาคลิปคนอื่นมาแปะกับคลิปของตัวเอง
red4/194.mp3	ในคลิปนี้ครับแม่งใช้คลิปของคนอื่นร้อยเปอร์เซ็นต์เลย
red4/195.mp3	คือมึงเอาคลิปของเขามาแล้วก็พูดในสิ่งที่มึงเห็นอยู่ตรงหน้าอยู่แล้ว ที่มึงไม่จำเป็นต้องพูด
red4/196.mp3	และในจุด จุด หนึ่งนะครับ น่ารำคาญซะด้วยซ้ำที่แบบเออมึงจะหยุดพูดทำไม
red4/197.mp3	กูก็เห็นอยู่แม่งกำลังจะโดนผีแดก ทำไมมึงก็ต้องหยุดพูด
red4/198.mp3	ครับ ไม่ได้หมายความว่ามันต้องการที่จะพากย์เพื่อให้คอนเทนท์มันดี
red4/202.mp3	ผิดครับไอ้สัส ยังคงมุ่งมั่นแน่วแน่ตรงคอนเซปต์ของตัวเอง คลิปของคนอื่นร้อย เปอร์ เซ็น
red4/203.mp3	คือแค่นี้มึงทำอะไรเองไม่ได้หรอ เล่น โรบล็อก นี้มันส่งผลกับเซลล์สมองขนาดนั้นเลยหรอครับ
red4/204.mp3	และไม่ใช่แค่ในช่องโอตะตัวปลอมครับ ช่องของตัวเขาเองก็ดูจะเป็นแบบนั้นเหมือนกัน
red4/205.mp3	ไอ้สัส นี่มันไม่ใช่แค่ปลิงแล้วเนี้ย
red4/207.mp3	ผมหมายถึงชัวร์ครับ เขาใช้คลิปคนอื่นมาประกอบ แต่ไม่ใช่การแปะไว้โง่ โง่
red4/208.mp3	แล้วมึงก็พากย์เสียงอะไรทับ มันยังกดเข้าไปในคลิปต่าง ต่าง เพื่ออธิบาย และใช้
red4/211.mp3	คือมันคือการอธิบายดราม่าอะครับ ไม่ใช่แค่มึงเอาคลิปของคนอื่นมา
red4/212.mp3	คือแม่งเกาะแดกคลิปของ สปีด จนฟันแห้งอ่ะ
red4/214.mp3	แต่ความบ้าของมันเนี่ยครับ มันมากจนเกินไป จนน่าเป็นห่วง
red4/215.mp3	แบบจู่ จู่ แม่งก็เห่า จู่ จู่ แม่งก็เอามือตบหัวตัวเอง
red4/216.mp3	จนมันเลยมีคนสงสัยครับว่ามึงบ้าจริง หรือมันเป็นแค่คาแร็คเตอร์เฉย เฉย
red4/217.mp3	สำหรับตัวผมเอง ผมคิดว่านั่นแค่คาแร็คเตอร์ครับ ไม่ได้มีอะไรซับซ้อนไปมากกว่านั้น
red4/218.mp3	แต่เราลองมาฟังดูดีกว่าครับว่า ปรสิตคุงเนี้ยจะว่ายังไง
red4/219.mp3	แต่ผมว่าสิ่งที่เขาเป็นแบบเนี้ย มันทำให้เขาน่าเป็นห่วง
red4/221.mp3	เป็นอาการทางจิตที่แยกแยะไม่ออกระหว่างคาแร็คเตอร์กับตัวตนของเขา
red4/222.mp3	ครับ ในวันที่เขาแกล้งบ้ามากเกินไป ก็อาจจะได้บ้าจริง จริ ในสักวันหนึ่งครับ
red4/225.mp3	เดี๋ยวนี้ก๊อปมันเป็นคำ คำ หนึ่งที่แบบ มึงอยากจะใช้มึงก็ใช้
red4/226.mp3	ประเด็นคือถ้าเกิดว่าคุณดูตามความหมายของมันเนี้ยครับ ทุก ทุก อย่างแม่งก๊อปหมด
red4/227.mp3	บางสิ่งบางอย่างครับ มันมักที่เกิดขึ้นจากบางสิ่งบางอย่างอยู่เสมอ
red4/230.mp3	ปลิง แต่มึงก็ปลิงเหมือนกัน ผมครับ ผมไม่ต้องการคลิปโอตะตัวปลอมครับ
red4/231.mp3	ผมสามารถที่จะทำคลิปนี้ได้โดยที่ไม่มีคลิปของโอตะตัวปลอมมาประกอบสักวิ
red4/232.mp3	มึงจะทำหรือเปล่า
red4/233.mp3	มันเลยง่ายสำหรับผมมากกว่าครับ ที่จะเอา คอนเทนต์ ของเขามาประกอบในคลิปของผม
red4/236.mp3	ปลิงเนี่ยครับ มันดูดหมดจ๊วบ จ๊วบ ไม่ว่าใครจะเดินผ่านมา
red4/238.mp3	และที่สำคัญ ปรสิตมันร้องไห้ เวลาที่ปรสิตมันก็อปแล้วมีคนดูเยอะ
red4/239.mp3	แล้วมันไปทำในสิ่งที่ปรสิตมันไม่ก็อป และคนดูมันน้อย
red4/240.mp3	แทนที่ปรสิตมันจะทำให้ คอนเทนต์ มันดีขึ้น น่าดูมากขึ้น
red4/241.mp3	มันกลับไปโทษคนดูว่าเป็นความผิดของคนดูที่มึงไม่ยอมดูคลิปที่กูไม่ก็อป
red4/242.mp3	คือมึงยอมรับว่าก๊อป คนดูบ่น มึงก็จะก๊อปต่อไปเพราะว่ายอดวิว
red4/244.mp3	โอตะ คือแนวช่องเก่าเพื่อนแม่งอะครับ แล้วถูกต้องครับ
red4/246.mp3	ฟังนะครับ ถ้าเกิดคุณจะบอกว่าคุณจะทำคลิปที่เป็นตัวเองมากขึ้น และยังมี สปีดอยู่นะครับ
red4/247.mp3	บางทีครับ บางที นั่นอาจจะเป็นสัญญาณบ่งบอกว่านั่นคือตัวมึงก็ได้
red4/248.mp3	แล้วไม่รู้เป็นอะไรครับ คนเหล่านี้นะครับชอบที่บอกว่าตัวเองเนี้ย
red4/249.mp3	ทำแบบนี้ทั้งหมดเพื่อคนดู ผมหมายถึงมันคงจะปกติละมั้งครับ
red4/250.mp3	เมื่อคุณก้าวเข้ามาสู่ความเป็น ยูทูปเบอร์ แล้วเนี้ยครับ
red4/253.mp3	แต่ถ้าเกิดคุณพูดแบบนั้นนะครับมันควรที่จะ รีเฟลค ออกมาใน คอนเทนต์ ของมึงไม่ใช่หรอ
red4/254.mp3	คุณอยากจะให้คนดูได้รับสิ่งที่ดีที่สุด ทำไมมึงถึงไม่ทำสิ่งที่ดีที่สุดให้คนดู
red4/255.mp3	ผมก็เข้าใจแหละครับ เวลาคุณทำผิดหรือคุณรู้ตัวว่าตัวเองทำผิดนะ
red4/258.mp3	คือมึงขี้ก๊อปมึงก็บอกว่าขี้ก๊อปดิครับ มึงไม่ต้องใช้คนดูเป็นข้ออ้างหรอกครับ
red4/259.mp3	คือเหมือนมันเลือกไม่ได้ อ่ะเออกูจะตรง ตร ดีหรือกูจะทำเท่ห์ดี อ่ะกูทำทั้งสองอย่างเลยละกัน
red4/260.mp3	เอาคนดูมาเป็นข้ออ้างในการทำเรื่องส้นตีนของตัวเองเนี่ยครับ แม่งโคตรจะโอตะตัวปลอมเลย
red4/262.mp3	แต่ผมกลับเป็นคนที่ทำให้คลิปของ ไอ้โชวสปีด เนี้ยดูสนุกขึ้น
red4/263.mp3	ก็ถือว่าผมดีใจครับที่เป็นส่วนหนึ่งที่ทำให้ ท่านผู้ชมหลาย หลาย คนเนี้ยได้มีความบันเทิง
red4/267.mp3	เพื่อน สิ่งหนึ่งที่ผมสงสัยมากครับ คือมึงก๊อปเขามาเนี่ยครับ ทำไมคลิปมึงถึงกาก
red4/268.mp3	ที่มันไม่ได้ดูมีอะไรมากขนาดนั้น แต่คลิปต้นฉบับเนี่ยครับ
red4/270.mp3	เทียบกับโอตะครับที่มึงก๊อปเขามา คือมึงไม่ได้เขียนสคริปต์ มึงไม่ได้เรียงเอง
red4/271.mp3	แถมยังใช้คลิปของเขามาใส่อีก ทำไมมึงได้แค่นี้อะครับลูกพี่
red4/272.mp3	แน่ละครับ ถามไปมันก็ไม่มีประโยชน์ มันไม่ตอบผมอยู่แล้ว
red4/273.mp3	นั่นเป็นสาเหตุที่ว่าทำไมผมถึงจะต้องวางแผน เพื่อให้คนอื่นนั้น ทำแทน
red4/274.mp3	แผนของผมก็คือ ผมจะสร้างมีม และให้คนในดิสคอร์ดของผมเนี่ยครับ
red4/276.mp3	ผมอยากจะให้มันรู้ตรงนี้ไว้ มันหลีกเลี่ยงในการตอบคลิปผมมาตลอด
red4/277.mp3	ผมทำคลิปตำนานกับมันเนี่ยครับ มันไม่ตอบเลย มันบอกว่ามันจะ
red4/278.mp3	มันไม่ฟ้องผมคนเดียว มันพยามที่แบบหลีกหน้าผมสุดชีวิตอ่ะ
red4/279.mp3	แต่ถ้าเกิดผมปล่อยคลิปนี้ออกไปนะครับ ทุกคนจะรู้ว่ามันคือผม
red4/280.mp3	และมันจะปฏิเสธไม่ได้ครับ ว่ามันไม่รู้ว่าผมทำเกี่ยวกับ มันอยู่มันจะต้องตอบ
red4/281.mp3	ถ้าเกิดว่ามันไม่มี มันจะตีหน้าซื่อต่อไม่ได้เพราะว่ามันรู้เป็นที่เรียบร้อยแล้ว
red4/283.mp3	การเป็นไปอย่างราบรื่นครับ อาจจะราบรื่นเกินไปซะด้วยซ้ำ
red4/286.mp3	กูนี่แม่ง อัจฉริยะ
red4/287.mp3	จากโพสตรงนั้นเนี่ยครับ ก็เป็นการยืนยันได้แล้วว่าทุกคนนั้นรู้ว่า โอตะตัวปลอมก๊อป
red4/288.mp3	ผมหมายถึงโอตะรู้ เรารู้ แฟนคลับจะรู้ไม่รู้ นั่นแล้วแต่
red4/289.mp3	ประเด็นก็คือถ้าเกิดเขาไม่ได้บอกเนี่ยครับ แล้วผมไปค้นพบเจอโดยบังเอิญเนี่ยครับมันจะเป็นอีกเรื่องหนึ่ง
red4/290.mp3	แต่การที่มันรู้นี่ครับ แล้วมันยังทำต่อไปเรื่อย เรื่อย เนี่ยครับ
red4/291.mp3	นั่นทำให้มันเป็นอีกเรื่องนึง และมันแย่กว่าเดิมครับ
red4/292.mp3	ซึ่งนั่นก็อยากที่ทำให้ผมขุดลึกลงไปอีก เพราะสำหรับผมแล้ว
red4/294.mp3	ดีกว่าไม่ทำมันเลยครับ เราจะได้รู้ว่าเราจะต้องปรับปรุงแบบ
red4/295.mp3	ไหน อะไรยังไง ไอ้เดียมันก็จะเกิดขึ้นมาเองในสักวันนึงนะครับผม
red4/300.mp3	เฮ้ย การลงมือทำดีกว่าไม่ทำ ถึงแม้มันจะแย่ แต่คุณพัฒนาจากมันได้
red4/301.mp3	คือมันไม่ใช่แล้วป้ะ ความคิดมึงมันบิดเบี้ยวไปหมดแล้วอ่ะ
red4/302.mp3	การที่คุณยอมรับเนี้ยครับว่าคุณก๊อปเนี้ย มันไม่ได้ทำให้มึงดี
red4/303.mp3	ขึ้น นะ หรือมันไม่ทำให้มันโอเคที่มึงจะทำนะครับ
red4/304.mp3	เพราะว่าตลอดที่ผมเรียนมานี่มัน ร้อยเปอร์เซน นะครับ แต่ที่มึงบอกว่าตลอดเนี่ยครับ
red4/310.mp3	ไม่ครับนี่ไม่ใช่ เรฟเฟอเร้น ครับ มึงไม่ได้เพิ่มเติมเนื้อหาด้วย มึงก็อปครับ
red4/311.mp3	และถึงแม้มึงจะก๊อปมาขนาดนี้อะครับ มึงยังก๊อปมาไม่หมดอีก
red4/312.mp3	ถ้าเกิดว่าใครคิดเห็นอย่างไรเนี้ย หรืออยากดูข้อมูลเพิ่มเติมก็สามารถไปดูได้ที่ช่อง
red4/313.mp3	อยากจะรู้รายละเอียดมากกว่านี้นะครับ ก็สามารถไปดูได้ที่ช่อง
red4/314.mp3	มึงมีหน้าที่เดียวแม่งคือการ
red4/316.mp3	สิ่งนึงที่ผมชอบครับ กับการมานั่งดูแบบเจาะลึกอีกครั้งนึงเนี่ยครับ
red4/318.mp3	มันก็ปกติไม่ใช่หรอวะ ตอนท้ายคลิปมึงก็บอกให้กดซับ กดสมัครสมาชิกมันแปลกอะไรอ่ะ
red4/319.mp3	นี่เดี๋ยวกูจะให้ดูอะไร เราลองย้อนกลับ
red4/320.mp3	มึง ยังไม่ได้ซับเขาเลย มึงเกาะแดกเขามาขนาดนี้ มึงยังไม่ได้ซับเขาเลยหรอ
red4/321.mp3	มึงจะโหไอ้สัตว์เอ้ย มัน มันแค่หน้าด้านอ่ะ
red4/323.mp3	ไม่ต้องพูดถึงสมัคร เมมเบอร์ ช่องเขาหรอก กดซับแม่งยังไม่กด แล้วเดี๋ยวผมจะให้ดูอะไรครับ
red4/325.mp3	ผมก็เลยทำอะไรไม่ได้นะครับ เพราะอยากตั้งชื่อคลิปให้มันดูสอดคล้องมากที่สุด
red4/326.mp3	ก็เลยต้องใช้ สิบ ความลับในอัปเดตใหม่ที่คุณยังไม่เคยรู้ในเกม
red4/327.mp3	เอาละครับ เรามาดูคลิปตอบกลับของโอตะตัวปลอมกันดีกว่าครับ
red4/329.mp3	มันจะทำคลิปแบบนี้ออกมาอยู่ตลอด แล้วใช่ครับครั้งนี้ก็เหมือนกัน
red4/332.mp3	มันจะมีแค่ไม่กี่คลิปเท่านั้นเองครับที่มันก๊อปหัวข้อเค้ามา
red4/333.mp3	น้อยจนผมนับนิ้วไม่ได้อะครับ เพราะว่ากูจำไม่ได้
red4/335.mp3	โอเคถ้าเกิดว่าใครอยากดูเนื้อหาข้อมูลที่มันละเอียดมากขึ้น
red4/339.mp3	มันไม่ได้ยากด้วยครับ แต่มึงไม่ทำ
red4/341.mp3	มึงไม่ได้เอามาแค่ข้อมูลครับ มึงเอามาทั้ง
red4/342.mp3	ทั้งหมด ผมพูดอีกครั้งครับ ทั้งหมด มึงมันมักง่ายครับ
red4/343.mp3	มึงมีแค่คนเดียวให้ก๊อป มึงยังเอาคลิปของเขามาใส่
red4/345.mp3	ดูเหมือนว่าปรสิตเนี้ยครับ มันพร้อมที่จะทำทุกอย่าง ยกเว้นทำ คอนเทนต์ ให้ออกมาดี
red4/347.mp3	แต่มึงไม่อยากที่จะทำอะไรเป็นของตัวเองเลยหรอ
red4/348.mp3	มึงคิดไว้สถานะของการคิดอะไรไม่ออกนี่ มึงเป็นอยู่คนเดียวใช่ปะ
red4/349.mp3	คุณโชคดีนะครับที่ผมไม่ใช่ผู้กองเบนซ์ ไม่งั้นมึงโดนด่าว่าน่าสมเพชไปแล้ว
red4/352.mp3	แถมข้อมูลมึงก็ยังเอามาไม่ครบ มันไม่บอกครับ
red4/353.mp3	เพราะมันคิดว่ามันจะไม่มีคนรู้ และมันก็เอามาถึงสองคลิปด้วยกัน และก็ไม่บอกทั้งสองคลิป
red4/354.mp3	คือไอ้คนที่อยากจะให้เครดิตเนี้ยครับ ถ้าเกิดว่ามันอยากจะให้เครดิตจริง จริง นะครับ
red4/355.mp3	มึงจะต้องรู้ไงว่ามันให้เครดิต มันไม่ได้มาแบบ
red4/356.mp3	เออบางครั้งให้ บางครั้งไม่ให้ พูดกลางคลิปบ้าง พูดหลังคลิปบ้าง
red4/357.mp3	ไอ้สิ่งที่ง่ายที่สุดอย่างการใส่คลิปต้นฉบับใน ดิสคิปชั่น เนี่ยครับ มึงก็ยังไม่ทำ
red4/360.mp3	ตรงนี้ครับตรรกะของเขาคือ โอเคกูก๊อปต่อไปได้เรื่อย เรื่อย แต่ถ้าเกิดว่ากูโดนจับได้
red4/361.mp3	แล้วกูไม่ได้ทำปกคลิปเหมือนกับเขา ทุกคนก็จะไม่รู้ว่ากูเขามา
red4/362.mp3	กูก็เลยจำเป็นที่จะต้องทำปกคลิปเหมือนกับเขาชื่อคลิปเหมือนกับเขา
red4/363.mp3	คนอื่นจะได้รู้ว่ากูก๊อปเค้ามา เป็นความโปร่ง
red4/365.mp3	เลย ไอ้ปกคลิปเนี้ยครับ มันเป็นแค่ตัวจุดสตาร์ทที่ทำให้ผมสงสัย
red4/366.mp3	คือมึงจะตั้งชื่อคลิปไม่เหมือน ปกคลิปไม่เหมือน มึงคิดว่ากูไม่รู้หรอ
red4/368.mp3	เอ้า ทำไมใครจะต้องไปโจมตีมึงละครับ ถ้าเกิดว่ามึงไม่ก๊อป
red4/369.mp3	นี่ครั้งแรกของผมเลยนะครับที่ ผมได้ยินว่าใครสักคนหนึ่งโดนกล่าวหาว่าก๊อป
red4/370.mp3	แล้วแม่งก็บอกว่า ทำไมมึงไม่บอกว่าคลิปที่กูคิดเองว่าแม่งก๊อปบ้าง
red4/371.mp3	เอ่า ก็มึงไม่ได้ก๊อปไงจะพูดทำไม
red4/375.mp3	มันได้เงินผมก็ต้องทำสิครับ ยูทูปเบอร์ แทบจะทุกช่อง
red4/376.mp3	คือคุณต้องเข้าใจประมาณหนึ่งครับการที่คลิปผมมันยาวขนาดเนี้ยครับ
red4/377.mp3	มันเป็นเพราะว่ามึงยอมรับว่าก๊อป แต่มึงก็ยังอยากที่จะก๊อป
red4/378.mp3	แล้วมึงหน้าด้านที่จะก๊อปต่อไป เรื่องมันจะจบง่ายมากครับ
red4/379.mp3	ถ้าเกิดว่าคุณอยากที่จะก๊อปแบบลับ ลับ ไม่อยากให้คนอื่นรู้ แต่ทีนี้เนี้ยครับมึงก๊อปแบบเปิดเผย
red4/380.mp3	และยังภาคภูมิใจกับสิ่งที่ตัวเองทำเนี่ยครับ นี่แหละครับคือปัญหาอีกอย่างหนึ่ง
red4/381.mp3	ชัวร์ครับ ยูทูปเบอร์ ถ้าเกิดทำคลิปไหนไม่ได้เงิน เขาก็เลิก
red4/382.mp3	ทำ แต่พอพูดถึงคำว่า ยูทูปเบอร์ นะครับ ผมอยากที่จะถามครับ คุณ
red4/384.mp3	แบบลองเปรียบเทียบสักคนนึงก็ได้ คุณคิดว่าคุณเหมือนกับใคร ในด้านไหน หรืออะไร
red4/386.mp3	ผมหมายถึง ถ้าเกิดว่าคุณรู้จริง จริง นะครับ คุณน่าจะทำคลิปไปแล้วปะ
red4/387.mp3	คือเรากำลังพูดถึงใครสักคนหนึ่ง ที่อะไรสักอย่างหนึ่งเล็กน้อย แม่งเกิดขึ้นแม่งเอามาทำคลิปได้
red4/388.mp3	แต่นี่ครับ คุณมีข้อมูลว่ามีคนคลิป โรบล็อก มึงไม่ทำคลิป ทำไม
red4/389.mp3	ล่ะ สงสัยเหลือเกิน มึงไม่รู้ไง
red4/391.mp3	ตลอดครับ ทุก ทุก อะไรแบบนี้แม่งจะต้องตามท้ายด้วย
red4/393.mp3	แต่ในความเป็นจริงแล้ว คุณรู้รึเปล่าว่ากว่าที่ผมเนี้ย
red4/395.mp3	ที่ผมไปยกข้อมูลเอาข้อมูลจากช่องเขามา แต่ผมไม่ได้ทำปกเหมือนเขา
red4/398.mp3	แต่เพราะว่ามันทำปกเองไม่ได้ครับ มันไม่ได้รู้จักคำว่าความคิดสร้าง
red4/399.mp3	สัน มันเลยจะต้องก๊อปครับ เพราะว่าปกที่เขาทำมาเนี้ยมันเวิร์ค แล้วมันมีคนดู
red4/402.mp3	ทำไมคุณจะต้องมารอดูแชนแนลผสมน้ำที่คุณภาพเนี้ย มันต่ำกว่ามาตรฐาน
red4/403.mp3	ผม ผมเข้าใจแล้วครับ โอตะตัวปลอมมันไม่ได้โง่ครับ
red4/409.mp3	คุณรู้อะไรรึเปล่าครับว่าต้นกำเนิดที่แท้จริงของแอมบุสเนี้ย
red4/412.mp3	อันนี้ก็ไม่แปลกหรอกครับที่คนปกติจะอ่านไม่ถูก แต่มัส จากไหนวะ
red4/415.mp3	มึงพูดผิดอยู่หลากหลายครั้งมาก แต่ว่าความจริงมันตั้งใจครับ
red4/416.mp3	และพวกมึงทุกคนนี่ครับตกหลุมพรางมันทั้งหมด โดยเฉพาะกู
red4/417.mp3	ขโมยผลงานโดยไม่ได้รับอนุญาตไม่ทิ้งเครดิต ที่เป็นชิ้นเป็นอัน
red4/420.mp3	เราอาจจะคุ้นเคยกับโอตะตัวปลอมในฐานะ ตำนาน ยูทูปเบอร์ หนึ่ง มิติ
red4/426.mp3	คลิปนี้ครับ ยอดวิวต่ำมาก ณ จุดนี้ครับโอตะรู้เลยครับ
red4/427.mp3	ถ้าเกิดเขาไม่ทำอะไรที่มันเกี่ยวกับ โรบล็อก นะครับ
red4/428.mp3	มึงจะไม่มีทางเกิดได้แน่นอน
red4/429.mp3	คุณต้องเข้าใจครับ คนที่ทำอะไรแบบเนี้ยครับเวลาเสียเวลากับอะไรสักอย่างหนึ่ง
red4/430.mp3	คาดหวังว่ามันจะออกมาดี แล้วผลลัพธ์มันออกมาตรงกันข้ามเลยครับ
red4/431.mp3	หลังจากนั้นมันก็ปกติครับ แต่แล้วจุดเปลี่ยนไปมันอยู่ตรงนี้ครับ
red4/433.mp3	ทีนี้ก็เหลือแต่อนาคตครับ ว่ามันยังมี คอนเทนต์ ที่ทำให้ก๊อปได้อยู่
red4/434.mp3	เดี๋ยวเราจะไปดูกันดีกว่านะครับ กับเหตุผลที่คนเกลียด ทิวากร ว่ามีอะไรบ้าง
red4/435.mp3	จากที่พูดไปตั้งแต่ต้นคลิปนั่นแหละนะครับ บางคนอาจจะงงว่าการที่เราไปเอาคลิปคนอื่น
red4/436.mp3	มา แล้วไม่ให้เครดิตเนี้ย มันเป็นเหตุผลที่ทำให้คนเกลียดได้หรอ
red4/438.mp3	แต่บางคนที่แบบหน้ามืดตามัวนะครับ ก็ บอกประมาณว่า เอ้ย ทำไมต้องให้เครดิต
red4/441.mp3	ในเมื่อคุณไม่ให้เครดิต คนก็ไม่รู้ที่มาที่ไป และด้วยความที่เขาไม่ให้เครดิตแบบนี้ ตัว
red4/442.mp3	เขาก็มองว่าตัวทิวากรเนี้ยเป็นพวกอ่า เรียกร้องความสนใจสูงเรียกร้องความสนใจเ
red4/443.mp3	พยายามจะอยู่ในแสง จะเห็นได้ว่าคลิปของเขาเนี้ยจะก็อปมาหมด
red4/444.mp3	และในปัจจุบันเขาก็ยังก็อปไม่เลิกนะครับ ถึงแม้ว่าจะมีผู้ติดตามมาถึง หนึ่ง แสนแล้ว
red4/446.mp3	ถ้าเกิดมีสปอนเซอร์ มีผู้สนับสนุนเนี้ย โอ้โหต้องคิดให้หนักแล้วนะครับ
red4/447.mp3	เหมือนคุณไปสนับสนุนคนก็อปคลิปอ่ะ มันไม่ใช่เรื่องดี
red4/450.mp3	ที่ไม่ว่าจะลมเบาหรือลมแรงมันก็เอนเอียงไปตามสิ่งที่มันควรจะเป็น
red4/453.mp3	โอ้โห ท่านพระมหาโอตะตัวปลอมครับ ได้โปรดแชร์ความรู้ของท่านด้วยครับ
red4/454.mp3	ผมก็ ด้วยความที่ถือคติอ่ะนะครับว่า วันนี้คนไม่ชอบเรา
red4/458.mp3	เขาไม่ได้นั่งอยู่ด้วยกัน ณ ตอนนี้ผมจะไม่เชื่อเด็ดขาดว่าเขาเป็นยังไงจน
red4/460.mp3	แล้วก็ถืออย่างนี้มานานแล้วว่า คนเรามันมีความผิดครั้งแรกกันได้
red4/461.mp3	และเราก็ควรจะให้อภัยและปล่อยเขาไป ตราบใดที่ยังไม่ครบสามครั้ง
red4/463.mp3	เพราะคนเรานั้นย่อมเดินสะดุดล้ม อีกครั้งหนึ่ง ได้เสมอ
red4/464.mp3	เราก็ต้องเตรียมตัวรับมัน กับสิ่งที่ต้องเจอนะครับผม
red4/465.mp3	มันก็เป็นคติที่ผมท่องจำไว้เรื่อย เรื่อย วันนี้มีความสุข
red4/466.mp3	วันหน้าก็ต้องมีทุกข์ ละเมื่อความทุกข์มา เราก็ต้องเตรียมตัวเตรียม
red4/467.mp3	ท่านครับนี่มึงเพิ่งโควตตัวเอง หลังจากที่มึงบอกว่ามาจากเพลงใช่ไหมครับท่าน
red4/471.mp3	เป้าหมายของเรา โอตะตัวปลอม สวัสดีครับผมโอตะตัวปลอม
red4/473.mp3	กราบสวัสดีท่านผู้ชมที่น่ารักทั้งหลาย ในช่องเรียลบ๋อยกันด้วยนะครับ
red4/475.mp3	ก๊อปอะไรบ้าง ปกคลิป ชื่อคลิป เนื้อหา แล้วก็ตัวคลิป
red4/483.mp3	และนี่คือการสืบสวนครั้งสุดท้ายครับ คือคุณดูคลิปนี้มาทั้งหมด สี่ สิบ นาที
red4/484.mp3	ถ้ารวมตำนาน ยูทูปเบอร์ หนึ่ง มิตินะครับ ก็เกือบ สอง ชั่วโมง
red4/485.mp3	คลิปวิดีโอที่เกี่ยวข้องกับใครคนหนึ่งที่นานขนาดนั้นเนี่ยครับ
red4/486.mp3	เราน่าจะเข้าใจอะไรต่าง ต่าง คนนี้อย่างถ่องแท้เลยนะครับ
red4/487.mp3	แต่ไม่ว่าเราจะรู้ว่าโอตะตัวปลอมชอบเด็กต่ำกว่า สิบ แปด
red4/488.mp3	แกล้งทำเป็นไม่รู้ภาษาอังกฤษ และเป็นพวกขี้ก๊อปเวลาเข้าตาจนเนี้ยครับ
red4/489.mp3	มันยังมีคำถามอีกมากมายครับ ที่ผมสงสัยและไม่น่าจะได้รับคำตอบ
red4/490.mp3	ไอ้การจะบอกว่าเราต่อสู้ในชั้นศาลกับใครเนี่ยครับ เราไม่จำเป็นต้องเปิดเผยข้อ
red4/491.mp3	หรือเราทำธุรกิจอะไรเบื้องหลังนะครับ แน่นอนครับว่าเราไม่จำเป็นต้องออกมาป่าว
red4/493.mp3	ไอ้คนที่มันไม่อยากจะบอกเนี่ยครับ ก็คือมึงจะไม่รู้เลย
red4/494.mp3	หรือถ้าเกิดว่ามันจะใช้มาเป็นข้ออ้างนี่ครับ มึงก็จะรู้แค่แบบ สอง สาม ครั้ง
red4/495.mp3	แต่โอตะตัวปลอมครับ แม่งเอาแต่พูดเรื่องธุรกิจมา
red4/496.mp3	แต่ตอนนั้นผมรู้สึกว่า เออเราก็ไม่น่าไปเสือกเค้านี่หว่า เค้าจะทำอะไร
red4/497.mp3	แต่ในแนลนี้ครับยิ่งผมดูมากขึ้นเท่าไร ผมยิ่งแต่ได้ยินคำว่าธุรกิจ
red4/499.mp3	อตื่นเช้ามาเท่านั้นแหละ ความรู้สึกคือ มันเหมือนคุณน่ะใส่เหล็กไว้สัก ร้อย ตัน
red4/501.mp3	คุณลองนึกภาพคุณเป็นโอตะตัวปลอมครับ คุณทำงาน สิบเก้า ชั่วโมง
red4/502.mp3	แต่ทีนี้ครับ เราก็จะได้รู้สักทีเมื่อมีคนถามโอตะตัวปลอมว่าเขาทำงานอะ
red4/506.mp3	มึงคงจะไม่ได้พูดถึง ห้าสิบ เปอร์ เซ็นต์ ของงานบนโลกให้กูฟังใช่ไหมครับ
red4/507.mp3	แน่นอนครับ การที่คุณเป็นนักธุรกิจตัวเป้งขนาดนั้นนะครับ คุณจะต้องมีศัตรูรอบด้าน
red4/508.mp3	คุณรู้ไหมครับว่าอะไรเอาชนะโอตะตัวปลอมที่ทำงาน สิบเก้า ชั่วโมง
red4/509.mp3	คนใส่ร้ายครับผม เพราะว่ามันใส่ร้าย ยี่บสี่ ชั่วโมง
red4/512.mp3	มีคนมาบอกผมทำนั่น ทำนี่ ทำนู่น ใช่ไหม บอกว่าพี่ทำอย่างนู้น อย่างนี้
red4/513.mp3	เขาบอกว่าคุณทำนู่น ทำนี่ ทำนั่น ทำแบบนั้น แบบนี้ แบบนู้น แบบนั้น
red4/514.mp3	กูก็ไม่รู้เหมือนกัน
red4/515.mp3	คับ บอกกูด้วย กูรู้แค่ว่าแม่งทำนู่น ทำนี่ ทำนั่นอ่ะ
red4/516.mp3	แต่วันใดวันหนึ่งที่ผลประโยชน์เริ่มต่างออกไป เริ่มมีอะไรที่ขัดใจกันเอง
red4/518.mp3	หลังจากที่ได้นั่งศึกษาเพิ่มเติมเป็นครั้งสุดท้ายนะครับ
red4/523.mp3	มันต้องใช้เวลาในการศึกษาทำความเข้าใจ และคุณก็ต้องระวังตัวเองมากขึ้นเป็นพิเศษ
red4/525.mp3	โอตะตัวปลอมเริ่มที่จะมีความมั่นใจน้อยลงเป็นอย่างมาก ไม่มีการอวดรวย ไม่มีการอวดรู้
red4/526.mp3	และการเข้าใจตัวเองมากขึ้นแบบนี้ครับ ทำให้เขาไม่อยากที่จะทำดราม่าอีกต่อไปแล้ว
red4/528.mp3	กูก็ต้องทำอีกคลิปนึง
red4/530.mp3	ใคร มันทำได้แหละครับมันเป็นความสุข มันเป็นความชอบ
red4/531.mp3	เค้าจะใช้ แฮ็ค ก็เรื่องของเขา มันไม่ได้เกี่ยวกับเรา
red4/533.mp3	ไอ้ตรงนี้ครับ เราจะเห็นโอตะตัวปลอมนั้นเติบโตมากขึ้น
red4/537.mp3	ของฝากนักก๊อปครับ ไม่ใช่ซีรีส์นึงที่ผมมาประจานคนก๊อป
red4/540.mp3	ดี มันเหมือนหนังอะครับ บางทีเราแค่อยากจะดูอะไรโง่โง่ แค่นั้น
red4/542.mp3	คุณจะรู้ว่ามันไม่ใช่โทนจริงจัง เวลาผมบอกว่าอะไรจำเป็น หรืออะไรมันไม่จำเป็น
red4/544.mp3	ดูทรงแล้วคุณโอตะตัวปลอมเนี้ยครับ ค่อนข้างที่จะ ออฟเฟ้น คำที่ผมใช้ว่า
red4/545.mp3	ไม่มีท่าทีที่จะเลิก แถมยังหลบอยู่ข้างหลังคนติดตามตัวเอง
red4/546.mp3	ทำให้เขาจะต้องมาแก้ตัวว่า นี่เป็นช่อง ช่องหนึ่งที่เขามีหน้าที่ลงผลงานแล้วก็ไป
red4/547.mp3	คือช่องมี มีไว้แค่ เหมือนกับเรามาลงคลิป แค่นั้น แล้วเราก็ไป
red4/548.mp3	ผมรู้แหละว่าท่านผู้ชมเศร้าครับ ตัวผมเองก็เศร้าเหมือนกัน
red4/549.mp3	รู้สึกผูกพันใช่ไหมละครับ คือเราแทบไม่ได้มีปฏิสัมพันธ์
red4/550.mp3	มันความเป็นจริงมันไม่ใช่แบบนั้น ในมุมมองของตัวเราเองเนี้ย
red4/554.mp3	แต่ความหมายของผมก็คือ มึงเนี้ยครับใช้คนดูเป็นข้ออ้าง ในการทำเรื่องส้นตีนแบบนี้
red4/555.mp3	พอเวลามีคนบอกว่า มึงเอาแต่ทำคลิปเกม ดอร์ส เอาแต่ก๊อปคลิปเกม ดอร์ส
red4/556.mp3	มึงก็บอกว่า ก็คนในช่องมันอยากจะดู ไอ้คนที่บ่นนะครับมันคือคนไม่ได้ดู
red4/557.mp3	ฉะนั้นกูก็จะทำต่อไปเพราะว่าคนในช่องกูอยากจะ
red4/559.mp3	ซึ่งแม่งโคตรจะ มิส เดอะ พ้อย ในสิ่งที่ผมสื่อออกมาเลย
red4/560.mp3	ผมบอกว่าให้เครดิตกับคลิปที่มึงก๊อป ไอ้ข้อมูลใน วิกิ เนี่ยครับ
red4/564.mp3	และนี่คือคำแนะนำของผมครับ ในฐานะ ยูทูปเบอร์ เหมือนกัน
red4/565.mp3	แต่นั่นก็อาจจะเป็นเพราะว่าผมอยากที่จะดูเท่ห์ โดยการเรียกแตกต่างกับคนอื่นก็ได้
red4/566.mp3	ว่าคุณควรที่คิดยังไงกับใครสักคนหนึ่ง ซึ่งผมพูดมาทั้งหมดนี้ครับ
red4/570.mp3	และคุณไม่เอาอะไรที่มันไม่สมควรที่มาอยู่ในแกลลอรี่ มาอยู่ในแกลลอรี่
red4/571.mp3	ฉะนั้นเวลาผมได้ยินโอตะตัวปลอมว่า เขาไม่ได้ผูกพันกับช่อง
red4/572.mp3	ช่องเป็นแค่ที่ลงผลงาน ลงเสร็จแล้วก็ไป นั่นทำให้ผมนึกถึงตัวผม
red4/573.mp3	ทำไมมึงจะต้องรู้สึกกับคนในช่องว่าเป็นเพื่อน
red4/575.mp3	เพราะว่าถ้าเกิดของมันดีจริงเนี่ยครับ คุณควรที่จะทำอย่างงั้นตามจิตใต้สำนึกของคุณอยู่แล้ว
red4/576.mp3	ครับ ผมไม่ได้เสียอะไรผมทำคลิปดี ดี แบบนี้ออกมา แต่มึงไม่ดูเรื่องของมึงดิ
red4/577.mp3	มึงพลาดเองซะด้วยซ้ำ แต่สิ่งที่น่าเป็นห่วงสำหรับโอตะตัวปลอมก็คือ
red4/578.mp3	เขาไม่ค่อยอยากที่จะยอมรับ ณ ตรงนั้นน่ะ แต่เขาทำอะไรแบบนั้น
red4/579.mp3	แล้วการทำอะไรที่เป็นกระแสเดียวครับ คุณรู้ไหมครับว่ามันจบยังไง
red4/580.mp3	ใช่ครับ เวลาที่คุณไม่ได้ทำอะไรที่ไม่เป็นกระแสนะครับ มันจะไม่มีคนดู
red4/581.mp3	แล้วทีนี้พอคุณไม่ได้สร้างความสัมพันธ์อะไรกับคนดูเลยนะครับ ฉิบหายสิ
red4/582.mp3	คือสิ่งที่โอตะตัวปลอมทำเนี้ยครับ มันเวิร์คได้ครับ
red4/583.mp3	แต่มึงจะต้องทำ คอนเทนต์ เองได้แล้วมันจะต้องออกมาดี
red4/585.mp3	คุณเคยเห็น ยูทูปเบอร์ ที่สมัยแต่ก่อนเนี้ยยอดวิวคลิปเป็นล้าน แต่สมัยนี้แตะแสนยังยากหรือเปล่า
red4/586.mp3	แบบมึงไม่หมดกำลังใจเลยหรอวะ มึงเคยทำได้ล้าน แต่สมัยนี้มึงทำได้แค่หมื่นกว่า กว่า
red4/589.mp3	แต่มึงเนี้ยครับ ที่เวลาทำคลิปอะไรที่ไม่ใช่คลิปตามกระแสและไม่มีคน
red4/590.mp3	ดู แล้วมึงเสือกโทษคนดู ว่าทำไมมึงถึงไม่ดู
red4/591.mp3	มึงมั่นใจน่ะว่าไม่ได้ยึดติด
red4/592.mp3	ผลงานของมึงเนี้ยครับ แม่งห่วยแตก แล้วถ้าคลิปมันห่วย
red4/596.mp3	ใจ แล้วมึงก็ไม่อยากที่จะทำ แล้วก็ไปแชลแนลใหม่ เริ่มต้นใหม่
red4/597.mp3	ทำอะไรที่ตัวเองไม่เคยทำ และทำได้ไม่ดีใหม่ พอถึงจุดนั้นเนี่ย
red4/599.mp3	คุณเข้าใจไหม ผมโดนบางอย่างที่ไม่สามารถจะพูดออกมาตรง ตรง ได้
red4/600.mp3	ณ ตอนเนี้ย แต่คือเราก็อดทนอ่ะคือผมก็อดทน อดทนมากครับ
red4/607.mp3	คนเหล่านี้มันแค่ เด็กอะครับ หรือที่ชัดเจนมากกว่านั้น
red4/611.mp3	คยฟังเพลงนี้รึเปล่าครับ นั่นเพลงเกี่ยวกับโอตะตัวปลอม
red4/615.mp3	ไม่ไว้ใจใคร เพราะทุกคนพร้อมที่หักหลังเราอยู่ตลอดเวลา
red4/616.mp3	มีธุรกิจที่ทำมากมาย ทำงาน สิบเก้า ชั่วโมงต่อวัน จนสุขภาพแย่
red4/617.mp3	เห็นแค่ ยูทูบ เป็น ที่ลงผลงาน ไม่ได้ยึดติดอะไรกับมัน
red4/621.mp3	สำหรับคนดูช่องโอตะเนี่ยครับเขาจะเห็นคนคนนึงที่ทำงานหนักเพื่อตัวเอง
red4/622.mp3	คนที่พร้อมต่อสู้เพื่อความถูกต้อง และที่สำคัญครับเขาเห็นชายที่จริง
red4/623.mp3	บอก บอกว่ายอดคลิปน้อยกูก็จะก๊อปให้ยอดวิวคลิปเยอะ
red4/624.mp3	มีค่ายไหนเตรียมเอาไปเขียนเป็นละครสะท้อนสังคม หรือยังครับ
red5/001.mp3	ในยุคที่ อินเตอร์เน็ต นั้น ไม่ใช่เรื่องแปลกอีกต่อไ
red5/007.mp3	ง่ายโดยที่ไม่จำเป็นต้องออกหนังสือพิมพ์หรือทีวีด้วยซ้ำ
red5/017.mp3	ถึงแม้ว่าซีรีส์นี้ จะเป็นของฝากนักก๊อปสำหรับคนไม่ก๊อป
red5/019.mp3	แม่งก๊อปความเห่อหมอยวัยเด็กของกูเด๊ะ เด๊ะ
red5/020.mp3	คือกูอ่านปุ๊ป
red5/021.mp3	กูนึกถึงตัวเองตอน มอ สี่ อะ
red5/022.mp3	ไอ้สัส
red5/023.mp3	ตอน มอ สี่ กูแม่งจะโพสต์อะไรอย่างงี้แหละ
red5/034.mp3	ฮีโร่ที่เป็นได้แค่ไอ้โง่
red5/037.mp3	แม่งเบียวขนาดไหน
red5/038.mp3	ตลกสัส สัส
red5/051.mp3	แต่การปรากฏตัวของนวยนั้น ได้เปลี่ยนแปลงทุกสิ่งทุกอย่างไปตลอดกาล
red5/057.mp3	ความเลือดเดือดจากสงครามครั้งแรกของตัวเองในตอนนั้นครับ
red5/073.mp3	อยากจะเป็นฮีโร่ แต่เป็นได้แค่ไอ้โง่
red5/074.mp3	นี่คงไม่ใช่ประโยคที่มึงจะได้ยิน เวลาที่ใครสักคนนั้นทำคลิปขอโทษสักเท่าไหร่
red5/076.mp3	นี่แม่งคือคลิปขอเท่
red5/081.mp3	กูจำไม่ได้ มีการแจ้งความกัน
red5/088.mp3	เชื่อกูเถอะครับ
red5/089.mp3	ถ้าเกิดมึงเข้าไปในเฟสนวย หรือเข้าไปที่เพจ บุเรง
red5/090.mp3	มึงจะคิดแบบกู
red5/091.mp3	แม่งมีคนที่มีความคิดอย่างนี้ด้วยหรอวะ
red5/092.mp3	ครับ เป็นสิ่งที่รัฐบาลและนักจิตวิทยาทั่วโลกควรจะจับตามอง
red5/093.mp3	ใครสักคนนึงแม่งเป็นได้หนักขนาดนี้เลยอ่อ
red5/107.mp3	มึงก็ขี้เกียจ แล้วก็ ดูไม่ค่อยสนใจเท่าไหร่กับ
red5/108.mp3	เหี้ยอะไรอย่างงี้
red5/117.mp3	แต่ที่สื่อคือ ถ้านายจะวอร์จะแหกจะอะไร ช่วยทำให้เราดับหรือจมทีครับ
red5/120.mp3	ถ้าเกิดว่ากูทำอะไรแบบนี้ไปเรื่อย เรื่อย
red5/121.mp3	แล้ววัน วัน นึงสื่อแม่งตั้งฉายากู
red5/128.mp3	ไอ้คนพิมพ์ข่าวแม่งกำลังแบบ
red5/132.mp3	มึงให้กูเขียนว่าอะไรนะ
red5/135.mp3	แล้วแม่งก็ดีใจ
red5/141.mp3	ผมแค่ต้องการจะสื่อในโลกออนไลน์ว่า คนเรามักตัดสินอีกคนแค่หน้าเฟสเขาเท่านั้น
red5/143.mp3	เห็นใครด่า กูก็ด่าตามกันสนุก
red5/144.mp3	คิดว่าคนฉลาด ฉลาด แบบกูจะเพี้ยนไปแล้วหรอ
red5/145.mp3	กูมองว่าการเล่นกับจิตใจคนมันคือศิลปะอย่างหนึ่งนะ
red5/148.mp3	ไอ้เหี้ย แม่งสนุกดีว่ะ
red5/149.mp3	ว่า สิ่งที่กูทำมาในอดีตนั้นคือการแกล้ง
red5/150.mp3	กูแกล้งเบียว
red5/151.mp3	กูแกล้งปัญญาอ่อน
red5/154.mp3	มึงจะเห็นได้เลยว่า
red5/155.mp3	มึงไม่ได้แกล้งละ
red5/156.mp3	มึงแบบ
red5/157.mp3	มึงจริงอะ
red5/159.mp3	มึงเบียวขั้นสุดยอดเลยอะ
red5/161.mp3	ไอ้ควาย
red5/162.mp3	ไอ้การที่กูบอกว่ากูไม่กินเผ็ดนั้นเนี่ย
red5/163.mp3	จริง จริง แล้วกูกินเผ็ดได้
red5/164.mp3	กูแค่พยายามที่จะทำการทดลองว่า
red5/165.mp3	ไอ้สิ่งที่กูโพสต์ไปในโลกออนไลน์นั้นเนี่ย
red5/167.mp3	ไอ้ควาย
red5/168.mp3	กูทำคลิปออกมาว่ากูไม่กิน
red5/169.mp3	เผ็ด แต่จริง จริง แล้วกูก็กินเผ็ดไม่ได้เพราะว่ากูไม่กินเผ็ด
red5/172.mp3	ไอ้การที่มึงโพสต์บอกว่ามึงไม่ได้เบียว
red5/173.mp3	เนี่ยแหละ แม่งเบียว
red5/174.mp3	ไม่ฉลาดแบบเขามึงไม่เก็ตหรอกไอ้ควาย
red5/177.mp3	เฟสแต่มึงกำลังจะบอกว่าไอ้คนที่ด่ามึง
red5/178.mp3	ว่าเบียว ไอ้คนที่ด่ามึงว่าปัญญาอ่อน
red5/179.mp3	จากการที่มึงแกล้งเนี่ย
red5/181.mp3	ตอนมึงไม่อยู่
red5/185.mp3	แต่หลังจอแม่งแบบ
red5/190.mp3	อยู่ ไอ้สัส แม่งน่าเบื่อชิบหาย
red5/191.mp3	จะครบปีแล้วแหละม้าง ที่กูไม่ได้ทำร้ายทำลายใครที่ไหน
red5/193.mp3	มึงเชื่อเถอะ
red5/194.mp3	มึงห้ามกูไม่อยู่หรอกเวลากูบ้าขึ้นมา
red5/195.mp3	ถ้ามึงไม่สนใจกูเรื่องแม่งก็จบไปนานแล้ว
red5/196.mp3	มึงคิดว่ามึงฆ่ากูได้อ่อ
red5/197.mp3	ไม่มีใครเขาเคยบอกหรอว่ามึงฆ่าตำนานไม่ได้
red5/199.mp3	แม่ง
red5/200.mp3	อันนี้ อันนี้กูชอบมาก
red5/201.mp3	สอง ปีเต็ม เต็ม ที่เมียกูกดความบ้ากูเอาไว้
red5/202.mp3	สูท แล้วก็เป็น สอง ปีเต็ม เต็ม ที่กูไม่ได้ใส่สกิลแบบแต่ก่อน
red5/205.mp3	ร่างนี้เหมือนตายห่าไปนานแล้ว
red5/212.mp3	ไอ้สัส
red5/214.mp3	ร่างนี้ต่อไปให้ปั่นเก่งขนาดไหนก็ดูกระจอกกว่าร่างสองอยู่ดี
red5/221.mp3	ที่แบบ มึงไม่สามารถที่จะควบคุมตัวเองได้
red5/222.mp3	คือมันเท่อะครับ ที่คิดว่าตัวเองเนี่ย มีหลากหลายตัวตนในตัวเอง
red5/223.mp3	โอ้ ไอ้สัสเอ้ย กูบ้า
red5/224.mp3	ไอ้เชี่ย นั่นไม่ใช่ตัวตนของกู กูบ้า กูมีหลากหลายตัวตน
red5/226.mp3	ตอนที่กูอ่านโพสต์กูจินตนาการว่ามึงเหมือนเป็นแบบ
red5/229.mp3	ไอ้สัสเอ้ย มึงไม่เคยเห็นตัวตนที่สอง
red5/230.mp3	และนั่นแหละครับ มึงไม่ได้มี ดีไอ้ดี
red5/231.mp3	มึงมีจูนิเบียว
red5/232.mp3	เพราะว่า ดีไอ้ดี เนี่ยครับ แม่งเป็นเหี้ย อะไรที่ซับซ้อนมาก
red5/233.mp3	หรือตัวคนที่อยู่ในหัวของมึง
red5/234.mp3	ไม่ใช่แค่ตัวละครที่มึงจินตนาการขึ้นมา
red5/236.mp3	ไอ้สัสเอ้ย แม่งด่ากูในเฟสบุ้ก
red5/237.mp3	ไอ้สัส กูเปลี่ยนรูปเป็นแพน
red5/238.mp3	แล้วถ้าเกิดว่ามึงรู้จัก ดีไอ้ดี เนี่ยครับ
red5/239.mp3	เนี่ยครับ มึงจะรู้ว่าคนเป็น ดีไอ้ดี แม่งไม่แสดงอย่างงี้ออกมาหรอก
red5/240.mp3	สำหรับตัวผมเองแล้ว ผมไม่ค่อยที่จะเจาะลึกอะไรสักเท่าไหร่
red5/244.mp3	คุณแค่ดูผิวเผิน คุณก็สามารถที่จะเข้าใจถึงความอัจฉริยะของเขาได้
red5/249.mp3	นวยแสดงให้เราได้เห็นแล้วว่าการจะเป็นตัวตลกในโลกออนไลน์
red5/252.mp3	โชว์โพสต์โง่ โง่ แสดงตรรกะโง่ โง่
red5/254.mp3	การเถียงกันในโลกออนไลน์สามารถกินระยะเวลาได้เป็นชั่วโมงและนั่นเป็นสิ่งที่โง่
red5/262.mp3	มึงจะต้องเด็ก มึงจะต้องวุฒิภาวะไม่พอ
red5/265.mp3	อายุแม่งไม่สำคัญ
red5/267.mp3	ถ้าเกิดว่าคุณตั้งใจจะทำอะไรสักอย่างหนึ่งแล้วไม่ย่อท้อเกี่ยวกับมัน
red5/268.mp3	สักวันหนึ่ง คุณจะเจอแฟนคลับที่คอยถวายชีวิตเพื่อให้กำลังใจคุณ และอัพเดตชีวิตประจำวันของคุณ
red5/281.mp3	และนั่นหมายความว่าการที่ผมได้ล้อเต้กวนตีนเต้ทำคลิปเกี่ยวกับเต้นั้น
red5/286.mp3	คุณสามารถที่จะเป็นใครก็ได้ ถ้าเกิดเพื่อนในมัธยมไม่แฉมึง
red5/287.mp3	และแต่ละคนก็ล้วนอยากจะเป็นในสิ่งที่ตัวเองไม่ได้เป็นหรือเป็นไม่ได้ทั้งนั้น
red5/290.mp3	โพสต์ว่าปีใหม่จะออกกำลังกาย แต่ก็เสือกไปแดกแฮมเบอร์เกอร์ต่อ
red5/292.mp3	จะเป็นฮีโร่ แต่เป็นได้แค่ไอ้โง่
red5/293.mp3	นี่คือสิ่งที่คุณสามารถที่จะแสดงออกได้ในโลกออนไลน์ทั้งสิ้น
red5/301.mp3	ฝากซื้อสติ๊กเกอร์กูด้วยครับ
red5/302.mp3	เพราะตอนนี้กูจนมาก
red5/304.mp3	นวยจะต้องออกมาถามกูว่า
red5/305.mp3	กูหาเงินได้เท่าไหร่
red5/306.mp3	กูจะได้พอมีสัก สองร้อย สามร้อย พอไปอวดได้
red5/309.mp3	ฮากูมากป้ะ
red5/310.mp3	กูก็ฮาเวลาที่กูพรากของที่มึงรักมึงชอบไปทีละอย่างสองอย่างเช่นกัน
red5/311.mp3	กูฮาตรงกูทำลายได้แต่มึงทำได้แค่นั่งฮาน้ำตาซึมทุบอกเจ็บใจกัน
red5/312.mp3	ตลกสัส สัส ว่าไหม
red5/313.mp3	นี่ ถ้าพูดอีกสักสองสามรอบนี่กูบ้าตามแน่ แน่
r1/000.mp3	สวัสดีเพื่มอย่า เพื่มเลือกกูสงสัยเพิ่มอยากจะตายอ่ะ
r1/001.mp3	เลือกกูสงสัยเพื่ออยากจะตายอ่ะ เพิ่มเลือกกูสงสัยเพื่ออยากจะตายอ่ะ เดี๋ยวพวกมึงได้เห็น
r1/002.mp3	ในเพิ่มแม่งโชว์ความกากกระจายเลย เพิ่ม ให้ห้าร้อยถ้ามึงปราบกู หน้าอย่าดึง
r1/003.mp3	มาก เดี๋ยวกูก็ล่อแม่งทั้งหยากกู ตอนที่มึงปู ก็ไม่มีใครอยากดู ไอ้สัส
r1/004.mp3	ถ้าอยากชนะก็คลานมากราบกู อ้ะ ถ้าเข้ามาได้ก็ใช้
r1/005.mp3	ที่ดี ละงงมาก โถ่เพิ่ม จะตกกูก็คงยาก ละที่มึงเลือก
r1/006.mp3	เลือกกู อ้า กูว่าก็คงพล่าม ทำอะไรเหมือนมึงไม่ใช้หัวเดา เมียในรู
r1/007.mp3	รู้ยังว่าผัวเธอก็เหมือนผัวเรา นาย เก็บปากไว้ไส่กับหัวเตา
r1/008.mp3	เมียนายและไม่เป็นเมียที่ไม่ผัวเอา โถ่ อยากรู้กูเต้าจริง กูเต้าปลอม ถ้ามึง
r1/009.mp3	พูดมากเดี๋ยวกูต้องพาไปเข้านอน ปวดกูบ้างเรื่องหยาบคาย ช่ำชองกูไม่สน
r1/010.mp3	ไม่สวยหรอก แต่เวลากูสวยจนอยากกระเด้าก่อน ไอ้เหี้ยเนิร์ดทำเดี๋ยวกูจะด่ามึงให้ตาย
r1/011.mp3	ไอ้เหี้ยเนิร์ดทำเดี๋ยวกูจะด่ามึงให้ตาย ไอ้เหี้ยเนิร์ดทำเดี๋ยวกูจะด่ามึงให้ตาย
r1/012.mp3	กูอยู่ยุงลาย กูไม่ได้อยู่หยาย ไอ้ควาย ลิ้น โย่ว โย่ว
r1/013.mp3	อ่า อ่า อ่า มึงดีแต่ตบนม มึงไม่ต้องโชว์แสลงโหด
r1/014.mp3	รอบนี้จะตบอะไร จะตบหีขอคะแนนโหวดหรอ กูว่าสันดานมึงหมาเกิน
r1/015.mp3	ไม่ต้องมาโชว์รวย ถ้ายังเอาควยหาเงินนะ กูมาเป็นกองทัพละกูทำมึงร้องไห้
r1/016.mp3	ควยกูเล็กกูยอมรับ แต่เย็ดแม่งท้องได้ กูจะยิงหีมึงให้เหมือนที่เสือต้องเปรมัย
r1/017.mp3	มึงกระจอก ถ้ามึงเจอกับกูมึงไปร้องสู้กับวันเดอร์เฟรมไป อู่ ขอโทษพี่เฟรมมากราบ
r1/018.mp3	แร็ปกูจับไมค์ แต่ว่าในใจอยากจับนมนะ ฮือ มึงควรดูบ้องด้วย
r1/019.mp3	และที่มึงขาสวยก็เพราะว่ามุมกล้องช่วยไง อ่า สันดารมึงเหี้ยจนยากแก้
r1/020.mp3	ถ้ากูให้นพพะดนมาฝาบาดฟาดแม่งเลยไอ้สัส และมึงไม่ต้องมาตามโวย
r1/021.mp3	นะ หีมึงเค็มปี๋ ผัวมึงเลยเอาน้ำตาลโรย ไงไอ้สัส ไอ้เหี้ย
r1/022.mp3	เพิ่ม เขาให้มาแร็ปอีสนาว สมง สมอง ไม่มีเหี้ยนี่แม่งแร็ปอีส
r1/023.mp3	ดาวเลย อ้ะ ประเดี๋ยวกูทิค แท็ค พาว ตอนแม่งไลฟ์มาจีบกู บอกเลยกูทิ้งแชท
r1/024.mp3	ยาม อ่า เปลี่ยน เอ เค เอ เป็นเพิ่มกาก ที่เราไม่เอาด้วยก็เพราะว่ากล้วยเพิ่ม
r1/025.mp3	กากไงเพิ่ม นี่เพิ่มหิวหรือเพิ่มขาด เดี๋ยวจะจัดให้เพิ่มทุกที อ่า
r1/026.mp3	ว่าเพิ่มอยาก ที่มึงลงแม็ท หรือว่าอยากจะออกซีน นิสัยที่หยาบคายหรือว่ามันเป็นมาจาก
r1/027.mp3	มึงด่าไม่มีความจริงมึงพอเถอะ พอแถ อยู่บนตึกสิบชั้นมองมายังรู้เลย
r1/028.mp3	ตอแหล อีสัส ตอนแรกก็ทำเป็นขิง พอเดินเข้ามาทัก ทำหน้าเป็นผี
r1/029.mp3	มึงเป็นคนยังไงกันวะ ประเดี๋ยวกูตบให้ ติ้งติ่ง แร็ปมึงไม่สร้างสรรค์ หน้ามึงเลย
r1/030.mp3	จิ๋ม ไอ้เหี้ย อ่ะ อ่ะ ยีสอ่ะ
r1/031.mp3	คำกูเผาที่หัวมึง โทษทีที่กูน่ะไฟแลบ พวกมึงก็ดูเอาว่ากูกับมันน่ะ ใคร
r1/032.mp3	แมน เนิร์ด ไม่ต้องกังวลว่าฉันจะถีบเธอ นี่มึงใ้ช้ปูนซีเมนต์หรือว่ารองพื้นมึงผิดเบอร์
r1/033.mp3	เออ เยี้ย เยี้ย เยี้ย เยี้ย เยี้ย เยี้ย
r1/034.mp3	เด้าใต ดูเต่งตึงตอนตบเต้า เห็นแล้วอยากตบเต้าไต่ อยากให้เต้าใต่มาตบ
r1/035.mp3	เต้าวะเต้าใต่ เอาไหมกูมีน้ำเว่าแจก หีมึงโดนกระเด้าแหก เดี๋ยวกูก็ดูดให้แต้า
r1/036.mp3	เต้าแตก วะ เอาให้หัวนมช้ำ มึงต้องร้องอุทานออกมาว่า โอ้ยหัวนม
r1/037.mp3	ฮื้อ ที่กูไม่เย็ดกูไม่ได้ดูถูก ก็มึงเสือกเป็นรูตูด รูหีแถมยังเป็นฝี
r1/038.mp3	ต้องรูตูด เจออีหีเหี้ยเหี่ยวนี่กูอยากลาตาย ตบนมทำเหี้ยอะไร เดี๋ยวกูตบน้ำหมาก
r1/039.mp3	กระจายเลย สัด ยัดหีด้วยคาราบาว แทนเวลาที่ลิปสติกมึงหมดมึงคงเอาเมนส์มาทา
r1/040.mp3	มาทาแทน แต่งตัวกระหรี่มากเดี๋ยวกูก็ปี้ขี้แตก รอบต่อไปถ้ากูได้แหวน กูจเอาลนไฟละเอา
r1/041.mp3	มาจี้แตด แสบหีละสี่ห่อ กูไม่หล่อหรอกไอ้เวร เหมือนมึงสวยอะ
r1/042.mp3	อีดอก
t3/000.mp3	ยังงี้วะ มันเป็นเหี้ยอะไรนักหนาวะ มึงตื่นเต้นกันหรอวะ มึงคืออันเลน
t3/001.mp3	กันให้เรียบร้อยนะ เย็ดแม้ว ใจกูแบบ มึงก็แบบเสียเร็วขนาดเนี้ย
t3/002.mp3	ไอ้สัด เหี้ย กูก็โดนล้วงเป็นผัก เลยเย็ดเป็ด ไปไหน
t3/003.mp3	ก็ตายละไอ้สัด เกิดมาเกมแรกก็หีหมาเลยสัด โอ้ย กูว่าจะไม่ร้อน
t3/004.mp3	อยู่แล้ว แม่งระเบิดกว่าเดิมเลยสัด เหี้ย เห้ย
t3/005.mp3	นี่ทำใมเกมแรกของวันกูต้องแพ้ทุกวันด้วยวะ เห้ย กูตั้ง
t3/006.mp3	ใจอยู่นะเว้ย เชี่ย กูชนะบ้างไม่ได้หรอ เออ
t3/007.mp3	มึงก็ไม่ได้ทาสขนาดนั้นหรอก ไอ้เหี้ย โอ้ยกูจะชนะบ้าง อีนี่ก็
t3/008.mp3	โยนไม่พักเลยวะควยเอ้ย เป็นเหี้ยอะไร เออ ตายห่าสะมึงอะ เป็นควย
t3/009.mp3	กูร้อนละกู มาเด้ะ มึงเรียกหมีมาด้วยนะอีห่า เหี้ยยกูตาย
t3/010.mp3	อีกแล้วอ่ะ เหี้ย โยนเหี้ยอะไรนักหนา โดนแต่กูเนี่ย
t3/011.mp3	ไม่ต้องตามกูมา ถอย โอ้ย แม่งชีวิตกูเผด
t3/012.mp3	ไรวะ แล้วทำไมกูต้องแพ้บ่อยด้วยวะ ทำไมวะ เห้อ
t3/013.mp3	ืทำไมวะ กูเล่นกะโหลกขนาดนั้นเลยหรอวะ ทำไมเปิดมาเกมแรกกูต้องแพ้ทุกวันเลยวะ
t3/014.mp3	เออ กูไม่เข้าใจจริงจริงเลยเว้ย ในอัลติค้างอีก โอ้ย ยังเสือกทัน
t3/015.mp3	ทันอีก เย็ดแม่มึง ไอ้เหี้ย โอ้วแม่งติดเคียวนี่หว่า
t3/016.mp3	โอ้โหแพ้ ไอ้เหี้ยพลาด ไอ้เหี้ยนี่มันติด โอ้โห ไอ้เหี้ยนี่มันติดเคียวอีกแล้ว
t3/017.mp3	แล้ว ไอ้เพน กูคาย กูไล่เคียวมันแล้วเว้ย ไก่วะ ขี่ม้า
t3/018.mp3	หนี เพื่อนกูตาย กูจะไม่ยอม ถอย มึงเจอ
t3/019.mp3	เจอกู พลังระเบิดุถังขี้ อ้าเห้เห้เห้หี้
t3/020.mp3	อา หา หา ห้ะ เห้ย หา หา เห้ย เห้ย
t3/021.mp3	โหว ไอ้เหี้ย ควย กูต้องแต่เล่นมาไอ้เหี้ย
t3/022.mp3	ไอ้ฝนเหี้ยเนี่ยมันทำคนตายได้ด้วยหรอวะ ใจเย็นนะ ใจเย็นนะ เราชนะได้นะ ชนะเพราะลิงเลย
t3/023.mp3	นี่ เนี่ย ไอ้เหี้ย โอ้โห ไอ้เหี้ยลมไก่ครับผม ผมบอกเลนะ
t3/024.mp3	มาถึงก็ตึงเลยวะ เกมแรกนี่แม่ง ไม่ได้ฟาร๋มเลย เหี้ยลิง
t3/025.mp3	ถอยเลย โอ้ย อย่าบอกนะกูตาย
t3/026.mp3	กูตัวหัว โอ้ย เห้ยทุกคนกูพึ่งเล่นเกมแรกกู
t3/027.mp3	ไม่ได้เล่นเกมมาวันครึ่งอ่ะ อาไม่เอาสูดทุโถ ควย ลิ้น
t3/028.mp3	เป็นเหี้ยอะไรเนี่ยไอ้สัด พูดดิ กูโคตรปัญญาอ่อนเลย ลิงมันเป็นเหี้ยอะไร เวลายืนกับครีป
t3/029.mp3	มันชอบตีครีปวะ วันนั้นกูก็แพ้เพราะแม่งไปตีครีปแทนตีคน ไปตาย
t3/030.mp3	กูสั่งให้ไปตายเว้ย ไป
t3/031.mp3	เหี้ย กูเอาแรงค์ได มาก็แรงค์คอนเนี่ยไอ้สัด มึงดูสกอร์มันดิ
t3/032.mp3	สัด สตั้นนานชิบหายเลย โว้ยไอ้เหี้ย ไอ้ปอดโป
t3/033.mp3	เห้ย ทำไมวันไหนมันยาก มันก็จะยากทุกเกมเลยวะ ไอ้เหี้ย
t3/034.mp3	ใครกดไว้สัด บอกกูมานะไอ้เหี้ย ไม่พร้อมก็ออกไปไอ้สัด
t3/035.mp3	เอ้ย นี่เปิดสตรีมมา สอง เกม เห้ย ร้อนเว้ย
t3/036.mp3	กระจอกเกินไปก็อย่าเข้ามา เย็ดหมา ถ้ากูไม่ได้บอกให้กด อย่ากด
t3/037.mp3	เว้ย กูหงุดหงิดจริงนะเว้ย
t3/038.mp3	กูหงุดหงิดโคตร โคตร เลยวะ กูหงุดหงิดโคตร โคตร เลยวะ เห้ย
t3/039.mp3	เว้ย เว้ย หงุดหงิดไอ้เหี้ยนี่วะ เจอสองเกมละ
t3/040.mp3	โอ้ย โอ้ย ควย วันเหี้ยอะไรวะเนี่ย กูเล่นมาชั่วโมง
t3/041.mp3	โมงครึ่ง มีแต่เกมเหี้ยอะไรอย่างงี้ให้กูเล่น กูก็แม่งก็เล่นเป็นควายเลยสัด
t3/042.mp3	เอ้ย หูว มันร้อนแบบก฿อยากจะ ถอดควยออกมา
t3/043.mp3	แบบ เออ กูอยากจะแบบ ถอกควยออกมาแล้วแบบ ชักให้พวกมึงดูเลย ไอ้เหี้ยกูหงุดหงิดวะ
t3/044.mp3	คือเหี้ยอะไรวะ ไอ้เหี้ยมึงเอาเกมแบบ อย่างงี้มาให้กูเล่นแบบ คือทำไมวะ
t3/045.mp3	วะ ตอนแรกไฟต์มันก็ดีแล้ว เราไปเสียป้อมง่ายอย่างงี้ มันเหี้ยอะไรวะ แรงค์คอน
t3/046.mp3	โว้ย โอ้ย มึงตกลงกันก่อนเลยใครอยู่เลนไหน
t3/047.mp3	เอ่า เอ้า เอ้าแล้วคือเหี้ยอะไรกูกดกลับไม่ได้ โอ้ยสมองกูเป็นเหี้ยอะไร
t3/048.mp3	วะ โอ้ย ทำไมกูเจอแต่ส้นตีน โอ้ย
t3/049.mp3	โหย กูมาแตก หนึ่ง เก้า ไอดีหลัก
t3/050.mp3	โอ้
t3/051.mp3	เหี้ย กูแตกเหี้ยอะไรขนาดนั้นวะ
t3/052.mp3	อูหูว กดอันติไม่ติด โห ไอ้เหี้ย เว้ย
t3/053.mp3	กูกดอัลติไม่ติด แม่งเอ้ย กูขอนะไอ้เหี้ย คือแบนทิ้งนะแบบ ริกเตอร์
t3/054.mp3	เดี๋ยวกูแบนทิ้งเลย แม่งเล่นไม่เป็นหยิบมาทำเหี้ยอะไรวะ ถอยเลย
t3/055.mp3	ภาพจำยังชัดเจนเหมือนเดิมทุกอย่าง หัวควยเลย เหมือนเดิมเลย
t3/056.mp3	มุมเดิม ตายที่เดิม เดินด้วยกันละก็ตายเหมือนเดิม แบบไม่มีคนเติม กูอยากจะต่อยกล้อง
t3/057.mp3	กูอยากจะต่อยกล้องวะ ทำไมวะ กูเล่นกับรายชื่อคนเดิม เดิม มันเล่นเหมือนเดิม
t3/058.mp3	ัจังเลยวะ กูก็เล่นไม่ดีหรอกนะเว้ย แต่คือตอนแรกกูก็ว่ามันดีแล้วนะเว้ยได้ป้อมล่าง
t3/059.mp3	ละมันเป็นควยไร โอโห้ ไอ้เหี้ย แม่ง ไอ้สัด
t3/060.mp3	เหลี่ยมเยอะชชิบหายเลย เลยเหี้ย รำคาญโตโร่วะเหี้ยมันเป็นควาย
t3/061.mp3	เอาครีปดิ ครีปดิ ไอ้เหี้ย ของกูขนาด
t3/062.mp3	นี้ทำไมไม่กิน
